dataset,dataset_label,seed,split,n_total,n_train,n_val,n_test,n_dropped,train_fraction_vs_random,test_fraction_vs_random,test_fraction_vs_prebuffer,train_sections,val_sections,test_sections,train_patients,val_patients,test_patients,target_genes,n_candidates,knn_k
dlpfc,DLPFC,0,random,47681,38145,4768,4768,0,1.0,1.0,1.0,12,12,12,-1,-1,-1,50,300,15
dlpfc,DLPFC,0,matched_hop0,47681,31921,5334,10426,0,0.8368331367151658,2.1866610738255035,1.0,12,12,12,-1,-1,-1,50,300,15
dlpfc,DLPFC,0,matched_hop2,47681,31921,5334,7762,2664,0.8368331367151658,1.6279362416107384,0.7444849414924228,12,12,12,-1,-1,-1,50,300,15
dlpfc,DLPFC,0,matched_hop5,47681,31921,5334,516,9910,0.8368331367151658,0.10822147651006711,0.04949165547669288,12,12,12,-1,-1,-1,50,300,15
dlpfc,DLPFC,1,random,47681,38145,4768,4768,0,1.0,1.0,1.0,12,12,12,-1,-1,-1,50,300,15
dlpfc,DLPFC,1,matched_hop0,47681,31921,5334,10426,0,0.8368331367151658,2.1866610738255035,1.0,12,12,12,-1,-1,-1,50,300,15
dlpfc,DLPFC,1,matched_hop2,47681,31921,5334,7762,2664,0.8368331367151658,1.6279362416107384,0.7444849414924228,12,12,12,-1,-1,-1,50,300,15
dlpfc,DLPFC,1,matched_hop5,47681,31921,5334,516,9910,0.8368331367151658,0.10822147651006711,0.04949165547669288,12,12,12,-1,-1,-1,50,300,15
dlpfc,DLPFC,2,random,47681,38145,4768,4768,0,1.0,1.0,1.0,12,12,12,-1,-1,-1,50,300,15
dlpfc,DLPFC,2,matched_hop0,47681,31412,5388,10881,0,0.8234893170795649,2.2820889261744965,1.0,12,12,12,-1,-1,-1,50,300,15
dlpfc,DLPFC,2,matched_hop2,47681,31412,5388,8715,2166,0.8234893170795649,1.8278104026845639,0.8009374138406397,12,12,12,-1,-1,-1,50,300,15
dlpfc,DLPFC,2,matched_hop5,47681,31412,5388,3285,7596,0.8234893170795649,0.6889681208053692,0.30190239867659224,12,12,12,-1,-1,-1,50,300,15
dlpfc,DLPFC,3,random,47681,38145,4768,4768,0,1.0,1.0,1.0,12,12,12,-1,-1,-1,50,300,15
dlpfc,DLPFC,3,matched_hop0,47681,31471,5408,10802,0,0.8250360466640451,2.265520134228188,1.0,12,12,12,-1,-1,-1,50,300,15
dlpfc,DLPFC,3,matched_hop2,47681,31471,5408,9210,1592,0.8250360466640451,1.9316275167785235,0.8526198852064433,12,12,12,-1,-1,-1,50,300,15
dlpfc,DLPFC,3,matched_hop5,47681,31471,5408,4831,5971,0.8250360466640451,1.013213087248322,0.4472319940751713,12,12,12,-1,-1,-1,50,300,15
dlpfc,DLPFC,4,random,47681,38145,4768,4768,0,1.0,1.0,1.0,12,12,12,-1,-1,-1,50,300,15
dlpfc,DLPFC,4,matched_hop0,47681,31471,5408,10802,0,0.8250360466640451,2.265520134228188,1.0,12,12,12,-1,-1,-1,50,300,15
dlpfc,DLPFC,4,matched_hop2,47681,31471,5408,9210,1592,0.8250360466640451,1.9316275167785235,0.8526198852064433,12,12,12,-1,-1,-1,50,300,15
dlpfc,DLPFC,4,matched_hop5,47681,31471,5408,4831,5971,0.8250360466640451,1.013213087248322,0.4472319940751713,12,12,12,-1,-1,-1,50,300,15
dlpfc,DLPFC,5,random,47681,38145,4768,4768,0,1.0,1.0,1.0,12,12,12,-1,-1,-1,50,300,15
dlpfc,DLPFC,5,matched_hop0,47681,31921,5334,10426,0,0.8368331367151658,2.1866610738255035,1.0,12,12,12,-1,-1,-1,50,300,15
dlpfc,DLPFC,5,matched_hop2,47681,31921,5334,7762,2664,0.8368331367151658,1.6279362416107384,0.7444849414924228,12,12,12,-1,-1,-1,50,300,15
dlpfc,DLPFC,5,matched_hop5,47681,31921,5334,516,9910,0.8368331367151658,0.10822147651006711,0.04949165547669288,12,12,12,-1,-1,-1,50,300,15
dlpfc,DLPFC,6,random,47681,38145,4768,4768,0,1.0,1.0,1.0,12,12,12,-1,-1,-1,50,300,15
dlpfc,DLPFC,6,matched_hop0,47681,31471,5408,10802,0,0.8250360466640451,2.265520134228188,1.0,12,12,12,-1,-1,-1,50,300,15
dlpfc,DLPFC,6,matched_hop2,47681,31471,5408,9210,1592,0.8250360466640451,1.9316275167785235,0.8526198852064433,12,12,12,-1,-1,-1,50,300,15
dlpfc,DLPFC,6,matched_hop5,47681,31471,5408,4831,5971,0.8250360466640451,1.013213087248322,0.4472319940751713,12,12,12,-1,-1,-1,50,300,15
dlpfc,DLPFC,7,random,47681,38145,4768,4768,0,1.0,1.0,1.0,12,12,12,-1,-1,-1,50,300,15
dlpfc,DLPFC,7,matched_hop0,47681,31921,5334,10426,0,0.8368331367151658,2.1866610738255035,1.0,12,12,12,-1,-1,-1,50,300,15
dlpfc,DLPFC,7,matched_hop2,47681,31921,5334,7762,2664,0.8368331367151658,1.6279362416107384,0.7444849414924228,12,12,12,-1,-1,-1,50,300,15
dlpfc,DLPFC,7,matched_hop5,47681,31921,5334,516,9910,0.8368331367151658,0.10822147651006711,0.04949165547669288,12,12,12,-1,-1,-1,50,300,15
dlpfc,DLPFC,8,random,47681,38145,4768,4768,0,1.0,1.0,1.0,12,12,12,-1,-1,-1,50,300,15
dlpfc,DLPFC,8,matched_hop0,47681,31921,5334,10426,0,0.8368331367151658,2.1866610738255035,1.0,12,12,12,-1,-1,-1,50,300,15
dlpfc,DLPFC,8,matched_hop2,47681,31921,5334,7762,2664,0.8368331367151658,1.6279362416107384,0.7444849414924228,12,12,12,-1,-1,-1,50,300,15
dlpfc,DLPFC,8,matched_hop5,47681,31921,5334,516,9910,0.8368331367151658,0.10822147651006711,0.04949165547669288,12,12,12,-1,-1,-1,50,300,15
dlpfc,DLPFC,9,random,47681,38145,4768,4768,0,1.0,1.0,1.0,12,12,12,-1,-1,-1,50,300,15
dlpfc,DLPFC,9,matched_hop0,47681,31921,5334,10426,0,0.8368331367151658,2.1866610738255035,1.0,12,12,12,-1,-1,-1,50,300,15
dlpfc,DLPFC,9,matched_hop2,47681,31921,5334,7762,2664,0.8368331367151658,1.6279362416107384,0.7444849414924228,12,12,12,-1,-1,-1,50,300,15
dlpfc,DLPFC,9,matched_hop5,47681,31921,5334,516,9910,0.8368331367151658,0.10822147651006711,0.04949165547669288,12,12,12,-1,-1,-1,50,300,15
visium_breast,Visium breast,0,random,7785,6228,778,779,0,1.0,1.0,1.0,2,2,2,1,1,1,50,300,15
visium_breast,Visium breast,0,matched_hop0,7785,5233,903,1649,0,0.840237636480411,2.1168164313222078,1.0,2,2,2,1,1,1,50,300,15
visium_breast,Visium breast,0,matched_hop2,7785,5233,903,1399,250,0.840237636480411,1.7958921694480103,0.8483929654335961,2,2,2,1,1,1,50,300,15
visium_breast,Visium breast,0,matched_hop5,7785,5233,903,671,978,0.840237636480411,0.8613607188703466,0.406913280776228,2,2,2,1,1,1,50,300,15
visium_breast,Visium breast,1,random,7785,6228,778,779,0,1.0,1.0,1.0,2,2,2,1,1,1,50,300,15
visium_breast,Visium breast,1,matched_hop0,7785,5211,888,1686,0,0.8367052023121387,2.1643132220795893,1.0,2,2,2,1,1,1,50,300,15
visium_breast,Visium breast,1,matched_hop2,7785,5211,888,1414,272,0.8367052023121387,1.8151476251604621,0.8386714116251482,2,2,2,1,1,1,50,300,15
visium_breast,Visium breast,1,matched_hop5,7785,5211,888,597,1089,0.8367052023121387,0.766367137355584,0.3540925266903915,2,2,2,1,1,1,50,300,15
visium_breast,Visium breast,2,random,7785,6228,778,779,0,1.0,1.0,1.0,2,2,2,1,1,1,50,300,15
visium_breast,Visium breast,2,matched_hop0,7785,5172,830,1783,0,0.8304431599229287,2.288831835686778,1.0,2,2,2,1,1,1,50,300,15
visium_breast,Visium breast,2,matched_hop2,7785,5172,830,1662,121,0.8304431599229287,2.1335044929396663,0.9321368480089737,2,2,2,1,1,1,50,300,15
visium_breast,Visium breast,2,matched_hop5,7785,5172,830,1240,543,0.8304431599229287,1.5917843388960204,0.6954570947840718,2,2,2,1,1,1,50,300,15
visium_breast,Visium breast,3,random,7785,6228,778,779,0,1.0,1.0,1.0,2,2,2,1,1,1,50,300,15
visium_breast,Visium breast,3,matched_hop0,7785,5233,903,1649,0,0.840237636480411,2.1168164313222078,1.0,2,2,2,1,1,1,50,300,15
visium_breast,Visium breast,3,matched_hop2,7785,5233,903,1399,250,0.840237636480411,1.7958921694480103,0.8483929654335961,2,2,2,1,1,1,50,300,15
visium_breast,Visium breast,3,matched_hop5,7785,5233,903,671,978,0.840237636480411,0.8613607188703466,0.406913280776228,2,2,2,1,1,1,50,300,15
visium_breast,Visium breast,4,random,7785,6228,778,779,0,1.0,1.0,1.0,2,2,2,1,1,1,50,300,15
visium_breast,Visium breast,4,matched_hop0,7785,5233,903,1649,0,0.840237636480411,2.1168164313222078,1.0,2,2,2,1,1,1,50,300,15
visium_breast,Visium breast,4,matched_hop2,7785,5233,903,1399,250,0.840237636480411,1.7958921694480103,0.8483929654335961,2,2,2,1,1,1,50,300,15
visium_breast,Visium breast,4,matched_hop5,7785,5233,903,671,978,0.840237636480411,0.8613607188703466,0.406913280776228,2,2,2,1,1,1,50,300,15
visium_breast,Visium breast,5,random,7785,6228,778,779,0,1.0,1.0,1.0,2,2,2,1,1,1,50,300,15
visium_breast,Visium breast,5,matched_hop0,7785,5233,903,1649,0,0.840237636480411,2.1168164313222078,1.0,2,2,2,1,1,1,50,300,15
visium_breast,Visium breast,5,matched_hop2,7785,5233,903,1399,250,0.840237636480411,1.7958921694480103,0.8483929654335961,2,2,2,1,1,1,50,300,15
visium_breast,Visium breast,5,matched_hop5,7785,5233,903,671,978,0.840237636480411,0.8613607188703466,0.406913280776228,2,2,2,1,1,1,50,300,15
visium_breast,Visium breast,6,random,7785,6228,778,779,0,1.0,1.0,1.0,2,2,2,1,1,1,50,300,15
visium_breast,Visium breast,6,matched_hop0,7785,5233,903,1649,0,0.840237636480411,2.1168164313222078,1.0,2,2,2,1,1,1,50,300,15
visium_breast,Visium breast,6,matched_hop2,7785,5233,903,1399,250,0.840237636480411,1.7958921694480103,0.8483929654335961,2,2,2,1,1,1,50,300,15
visium_breast,Visium breast,6,matched_hop5,7785,5233,903,671,978,0.840237636480411,0.8613607188703466,0.406913280776228,2,2,2,1,1,1,50,300,15
visium_breast,Visium breast,7,random,7785,6228,778,779,0,1.0,1.0,1.0,2,2,2,1,1,1,50,300,15
visium_breast,Visium breast,7,matched_hop0,7785,5172,830,1783,0,0.8304431599229287,2.288831835686778,1.0,2,2,2,1,1,1,50,300,15
visium_breast,Visium breast,7,matched_hop2,7785,5172,830,1662,121,0.8304431599229287,2.1335044929396663,0.9321368480089737,2,2,2,1,1,1,50,300,15
visium_breast,Visium breast,7,matched_hop5,7785,5172,830,1240,543,0.8304431599229287,1.5917843388960204,0.6954570947840718,2,2,2,1,1,1,50,300,15
visium_breast,Visium breast,8,random,7785,6228,778,779,0,1.0,1.0,1.0,2,2,2,1,1,1,50,300,15
visium_breast,Visium breast,8,matched_hop0,7785,5233,903,1649,0,0.840237636480411,2.1168164313222078,1.0,2,2,2,1,1,1,50,300,15
visium_breast,Visium breast,8,matched_hop2,7785,5233,903,1399,250,0.840237636480411,1.7958921694480103,0.8483929654335961,2,2,2,1,1,1,50,300,15
visium_breast,Visium breast,8,matched_hop5,7785,5233,903,671,978,0.840237636480411,0.8613607188703466,0.406913280776228,2,2,2,1,1,1,50,300,15
visium_breast,Visium breast,9,random,7785,6228,778,779,0,1.0,1.0,1.0,2,2,2,1,1,1,50,300,15
visium_breast,Visium breast,9,matched_hop0,7785,5233,903,1649,0,0.840237636480411,2.1168164313222078,1.0,2,2,2,1,1,1,50,300,15
visium_breast,Visium breast,9,matched_hop2,7785,5233,903,1399,250,0.840237636480411,1.7958921694480103,0.8483929654335961,2,2,2,1,1,1,50,300,15
visium_breast,Visium breast,9,matched_hop5,7785,5233,903,671,978,0.840237636480411,0.8613607188703466,0.406913280776228,2,2,2,1,1,1,50,300,15
gse278936_prostate,GSE278936 prostate,0,random,134509,107607,13451,13451,0,1.0,1.0,1.0,52,52,52,52,52,52,50,300,15
gse278936_prostate,GSE278936 prostate,0,matched_hop0,134509,87296,15586,31627,0,0.8112483388627134,2.351274998141402,1.0,52,52,52,52,52,52,50,300,15
gse278936_prostate,GSE278936 prostate,0,matched_hop2,134509,87296,15586,2293,29334,0.8112483388627134,0.17047059698163705,0.07250134378853511,52,52,8,52,52,8,50,300,15
gse278936_prostate,GSE278936 prostate,0,matched_hop5,134509,87296,15586,1509,30118,0.8112483388627134,0.112184967660397,0.04771239763493218,52,52,6,52,52,6,50,300,15
gse278936_prostate,GSE278936 prostate,1,random,134509,107607,13451,13451,0,1.0,1.0,1.0,52,52,52,52,52,52,50,300,15
gse278936_prostate,GSE278936 prostate,1,matched_hop0,134509,87387,15495,31627,0,0.8120940087540773,2.351274998141402,1.0,52,52,52,52,52,52,50,300,15
gse278936_prostate,GSE278936 prostate,1,matched_hop2,134509,87387,15495,2203,29424,0.8120940087540773,0.16377964463608655,0.06965567394947356,52,52,8,52,52,8,50,300,15
gse278936_prostate,GSE278936 prostate,1,matched_hop5,134509,87387,15495,1203,30424,0.8120940087540773,0.08943572968552524,0.03803712018212287,52,52,6,52,52,6,50,300,15
gse278936_prostate,GSE278936 prostate,2,random,134509,107607,13451,13451,0,1.0,1.0,1.0,52,52,52,52,52,52,50,300,15
gse278936_prostate,GSE278936 prostate,2,matched_hop0,134509,87335,15547,31627,0,0.8116107688161551,2.351274998141402,1.0,52,52,52,52,52,52,50,300,15
gse278936_prostate,GSE278936 prostate,2,matched_hop2,134509,87335,15547,2202,29425,0.8116107688161551,0.16370530072113598,0.0696240553957062,52,52,7,52,52,7,50,300,15
gse278936_prostate,GSE278936 prostate,2,matched_hop5,134509,87335,15547,1203,30424,0.8116107688161551,0.08943572968552524,0.03803712018212287,52,52,6,52,52,6,50,300,15
gse278936_prostate,GSE278936 prostate,3,random,134509,107607,13451,13451,0,1.0,1.0,1.0,52,52,52,52,52,52,50,300,15
gse278936_prostate,GSE278936 prostate,3,matched_hop0,134509,87296,15586,31627,0,0.8112483388627134,2.351274998141402,1.0,52,52,52,52,52,52,50,300,15
gse278936_prostate,GSE278936 prostate,3,matched_hop2,134509,87296,15586,2293,29334,0.8112483388627134,0.17047059698163705,0.07250134378853511,52,52,8,52,52,8,50,300,15
gse278936_prostate,GSE278936 prostate,3,matched_hop5,134509,87296,15586,1509,30118,0.8112483388627134,0.112184967660397,0.04771239763493218,52,52,6,52,52,6,50,300,15
gse278936_prostate,GSE278936 prostate,4,random,134509,107607,13451,13451,0,1.0,1.0,1.0,52,52,52,52,52,52,50,300,15
gse278936_prostate,GSE278936 prostate,4,matched_hop0,134509,87296,15586,31627,0,0.8112483388627134,2.351274998141402,1.0,52,52,52,52,52,52,50,300,15
gse278936_prostate,GSE278936 prostate,4,matched_hop2,134509,87296,15586,2293,29334,0.8112483388627134,0.17047059698163705,0.07250134378853511,52,52,8,52,52,8,50,300,15
gse278936_prostate,GSE278936 prostate,4,matched_hop5,134509,87296,15586,1509,30118,0.8112483388627134,0.112184967660397,0.04771239763493218,52,52,6,52,52,6,50,300,15
