gene,model,random,strict,moran_i,inflation,dataset,platform,strict_type,strict_split
ALB,mean,0.0,0.0,0.1692594156874373,0.0,dlpfc,Visium_DLPFC,spatial,matched_hop0
ALB,pca_ridge,0.032615001223156595,0.00867544573102141,0.1692594156874373,0.023939555492135185,dlpfc,Visium_DLPFC,spatial,matched_hop0
ALB,spatial_knn,0.24593897166717021,0.05306794504939649,0.1692594156874373,0.19287102661777372,dlpfc,Visium_DLPFC,spatial,matched_hop0
BCAS1,mean,0.0,0.0,0.1807358343959106,0.0,dlpfc,Visium_DLPFC,spatial,matched_hop0
BCAS1,pca_ridge,0.36566656202665715,0.2014609629777968,0.1807358343959106,0.16420559904886034,dlpfc,Visium_DLPFC,spatial,matched_hop0
BCAS1,spatial_knn,0.24414636349410382,0.1354220661284568,0.1807358343959106,0.10872429736564701,dlpfc,Visium_DLPFC,spatial,matched_hop0
CARNS1,pca_ridge,0.42375220577322475,0.23691812140210447,0.1886997185798093,0.18683408437112028,dlpfc,Visium_DLPFC,spatial,matched_hop0
CARNS1,spatial_knn,0.22865030968906525,0.0847457988238586,0.1886997185798093,0.14390451086520664,dlpfc,Visium_DLPFC,spatial,matched_hop0
CLDN11,mean,0.0,0.0,0.2191943851515464,0.0,dlpfc,Visium_DLPFC,spatial,matched_hop0
CLDN11,pca_ridge,0.44412569894596865,0.24423471314508913,0.2191943851515464,0.19989098580087952,dlpfc,Visium_DLPFC,spatial,matched_hop0
CLDN11,spatial_knn,0.2838064846247407,0.11365148174909556,0.2191943851515464,0.1701550028756451,dlpfc,Visium_DLPFC,spatial,matched_hop0
CLDND1,mean,0.0,0.0,0.2178415021442792,0.0,dlpfc,Visium_DLPFC,spatial,matched_hop0
CLDND1,pca_ridge,0.4223588452884659,0.2590462930899785,0.2178415021442792,0.1633125521984874,dlpfc,Visium_DLPFC,spatial,matched_hop0
CLDND1,spatial_knn,0.27842763302856216,0.15315609626500018,0.2178415021442792,0.12527153676356198,dlpfc,Visium_DLPFC,spatial,matched_hop0
CNP,mean,0.0,0.0,0.2624428143356161,0.0,dlpfc,Visium_DLPFC,spatial,matched_hop0
CNP,pca_ridge,0.44806813217909713,0.29977147424914585,0.2624428143356161,0.14829665792995128,dlpfc,Visium_DLPFC,spatial,matched_hop0
CNP,spatial_knn,0.32154042531937815,0.18584044088924861,0.2624428143356161,0.13569998443012954,dlpfc,Visium_DLPFC,spatial,matched_hop0
CPB1,mean,0.0,0.0,0.2597490045737292,0.0,dlpfc,Visium_DLPFC,spatial,matched_hop0
CPB1,pca_ridge,0.07836158582176385,0.06170908977026618,0.2597490045737292,0.01665249605149767,dlpfc,Visium_DLPFC,spatial,matched_hop0
CPB1,spatial_knn,0.3599008972548439,0.23491038845831688,0.2597490045737292,0.12499050879652704,dlpfc,Visium_DLPFC,spatial,matched_hop0
CRYAB,mean,0.0,0.0,0.259501099447376,0.0,dlpfc,Visium_DLPFC,spatial,matched_hop0
CRYAB,pca_ridge,0.4282806104557732,0.2566151962052015,0.259501099447376,0.1716654142505717,dlpfc,Visium_DLPFC,spatial,matched_hop0
CRYAB,spatial_knn,0.2994450670798179,0.14432233285856416,0.259501099447376,0.15512273422125372,dlpfc,Visium_DLPFC,spatial,matched_hop0
ENPP2,mean,0.0,0.0,0.164948416683164,0.0,dlpfc,Visium_DLPFC,spatial,matched_hop0
ENPP2,pca_ridge,0.3969163905559576,0.21207674333038837,0.164948416683164,0.18483964722556925,dlpfc,Visium_DLPFC,spatial,matched_hop0
ENPP2,spatial_knn,0.22763745331417748,0.10992148901935846,0.164948416683164,0.11771596429481902,dlpfc,Visium_DLPFC,spatial,matched_hop0
ERMN,mean,0.0,0.0,0.2253765922283386,0.0,dlpfc,Visium_DLPFC,spatial,matched_hop0
ERMN,pca_ridge,0.4483803636601703,0.25165245307896933,0.2253765922283386,0.19672791058120098,dlpfc,Visium_DLPFC,spatial,matched_hop0
ERMN,spatial_knn,0.3032096184605401,0.14593115893745606,0.2253765922283386,0.15727845952308406,dlpfc,Visium_DLPFC,spatial,matched_hop0
FABP4,mean,0.0,0.0,0.334981221819085,0.0,dlpfc,Visium_DLPFC,spatial,matched_hop0
FABP4,pca_ridge,0.1383627506476329,0.12890844043365218,0.334981221819085,0.009454310213980716,dlpfc,Visium_DLPFC,spatial,matched_hop0
FABP4,spatial_knn,0.45104900937397174,0.33158634659153846,0.334981221819085,0.11946266278243328,dlpfc,Visium_DLPFC,spatial,matched_hop0
G0S2,mean,0.0,0.0,0.1567841737401219,0.0,dlpfc,Visium_DLPFC,spatial,matched_hop0
G0S2,pca_ridge,0.09680934456288802,0.08853178243242732,0.1567841737401219,0.0082775621304607,dlpfc,Visium_DLPFC,spatial,matched_hop0
G0S2,spatial_knn,0.24361749255747517,0.19754858342902845,0.1567841737401219,0.04606890912844672,dlpfc,Visium_DLPFC,spatial,matched_hop0
GFAP,mean,0.0,0.0,0.419987631352636,0.0,dlpfc,Visium_DLPFC,spatial,matched_hop0
GFAP,pca_ridge,0.47467613047658225,0.4144967503901464,0.419987631352636,0.06017938008643586,dlpfc,Visium_DLPFC,spatial,matched_hop0
GFAP,spatial_knn,0.22936133072908546,0.11532413619948159,0.419987631352636,0.11403719452960387,dlpfc,Visium_DLPFC,spatial,matched_hop0
HBB,mean,0.0,0.0,0.3039362802398034,0.0,dlpfc,Visium_DLPFC,spatial,matched_hop0
HBB,pca_ridge,0.09293001730802027,0.05643278370672159,0.3039362802398034,0.036497233601298674,dlpfc,Visium_DLPFC,spatial,matched_hop0
HBB,spatial_knn,0.33234284635217054,0.27922437880703543,0.3039362802398034,0.053118467545135106,dlpfc,Visium_DLPFC,spatial,matched_hop0
HPCAL1,pca_ridge,0.2446639425766941,0.23470292788998132,0.1705304181515227,0.009961014686712788,dlpfc,Visium_DLPFC,spatial,matched_hop0
HPCAL1,spatial_knn,0.12552853734576166,0.1277704034867278,0.1705304181515227,-0.0022418661409661367,dlpfc,Visium_DLPFC,spatial,matched_hop0
HSPA2,mean,0.0,0.0,0.1602616377243489,0.0,dlpfc,Visium_DLPFC,spatial,matched_hop0
HSPA2,pca_ridge,0.3780221407368948,0.19672049769734185,0.1602616377243489,0.18130164303955293,dlpfc,Visium_DLPFC,spatial,matched_hop0
HSPA2,spatial_knn,0.22201441196237762,0.061963547296227994,0.1602616377243489,0.16005086466614962,dlpfc,Visium_DLPFC,spatial,matched_hop0
IGHA1,mean,0.0,0.0,0.2554614284581381,0.0,dlpfc,Visium_DLPFC,spatial,matched_hop0
IGHA1,pca_ridge,0.07688309762375456,0.044274713268975044,0.2554614284581381,0.032608384354779515,dlpfc,Visium_DLPFC,spatial,matched_hop0
IGHA1,spatial_knn,0.26931844885191525,0.15201613641235992,0.2554614284581381,0.11730231243955533,dlpfc,Visium_DLPFC,spatial,matched_hop0
IGHG3,mean,0.0,0.0,0.2710606514846914,0.0,dlpfc,Visium_DLPFC,spatial,matched_hop0
IGHG3,pca_ridge,0.03649746680765307,0.02187871326070634,0.2710606514846914,0.01461875354694673,dlpfc,Visium_DLPFC,spatial,matched_hop0
IGHG3,spatial_knn,0.28501628305798704,0.17348750544432617,0.2710606514846914,0.11152877761366087,dlpfc,Visium_DLPFC,spatial,matched_hop0
IGHG4,mean,0.0,0.0,0.187532040977866,0.0,dlpfc,Visium_DLPFC,spatial,matched_hop0
IGHG4,pca_ridge,0.03127526021096677,0.02133991971628216,0.187532040977866,0.00993534049468461,dlpfc,Visium_DLPFC,spatial,matched_hop0
IGHG4,spatial_knn,0.20565261771544555,0.14220311738430136,0.187532040977866,0.06344950033114419,dlpfc,Visium_DLPFC,spatial,matched_hop0
IGKC,mean,0.0,0.0,0.348206897736826,0.0,dlpfc,Visium_DLPFC,spatial,matched_hop0
IGKC,pca_ridge,0.08406060416119708,0.07032241032912943,0.348206897736826,0.013738193832067647,dlpfc,Visium_DLPFC,spatial,matched_hop0
IGKC,spatial_knn,0.345734421465293,0.29103725599895297,0.348206897736826,0.054697165466340014,dlpfc,Visium_DLPFC,spatial,matched_hop0
IGLC2,mean,0.0,0.0,0.2422330058087279,0.0,dlpfc,Visium_DLPFC,spatial,matched_hop0
IGLC2,pca_ridge,0.06874652294094716,0.04123545110739692,0.2422330058087279,0.02751107183355024,dlpfc,Visium_DLPFC,spatial,matched_hop0
IGLC2,spatial_knn,0.2603506007772184,0.15104671529957905,0.2422330058087279,0.10930388547763933,dlpfc,Visium_DLPFC,spatial,matched_hop0
KRT18,mean,0.0,0.0,0.183032226865847,0.0,dlpfc,Visium_DLPFC,spatial,matched_hop0
KRT18,pca_ridge,0.23266373596779788,0.15843619931882852,0.183032226865847,0.07422753664896936,dlpfc,Visium_DLPFC,spatial,matched_hop0
KRT18,spatial_knn,0.25441830037616675,0.18797215966203357,0.183032226865847,0.06644614071413318,dlpfc,Visium_DLPFC,spatial,matched_hop0
KRT19,mean,0.0,0.0,0.2464803974649806,0.0,dlpfc,Visium_DLPFC,spatial,matched_hop0
KRT19,pca_ridge,0.21901888461372634,0.1919857235659809,0.2464803974649806,0.027033161047745446,dlpfc,Visium_DLPFC,spatial,matched_hop0
KRT19,spatial_knn,0.30368375188861646,0.21534145375073135,0.2464803974649806,0.0883422981378851,dlpfc,Visium_DLPFC,spatial,matched_hop0
KRT8,mean,0.0,0.0,0.2482960014971054,0.0,dlpfc,Visium_DLPFC,spatial,matched_hop0
KRT8,pca_ridge,0.27022164483010885,0.18562523932809155,0.2482960014971054,0.0845964055020173,dlpfc,Visium_DLPFC,spatial,matched_hop0
KRT8,spatial_knn,0.3259341051817014,0.21426992936853867,0.2482960014971054,0.11166417581316274,dlpfc,Visium_DLPFC,spatial,matched_hop0
MAG,pca_ridge,0.45690940299985605,0.2610403202878467,0.2331143769118815,0.19586908271200937,dlpfc,Visium_DLPFC,spatial,matched_hop0
MAG,spatial_knn,0.2956492279513991,0.16060364873248872,0.2331143769118815,0.13504557921891036,dlpfc,Visium_DLPFC,spatial,matched_hop0
MAL,pca_ridge,0.36518871032817324,0.19415754702022303,0.1633709610883811,0.1710311633079502,dlpfc,Visium_DLPFC,spatial,matched_hop0
MAL,spatial_knn,0.22193350464719197,0.10445467060528572,0.1633709610883811,0.11747883404190625,dlpfc,Visium_DLPFC,spatial,matched_hop0
MALAT1,pca_ridge,0.1949998749476486,0.17597638750225808,0.1919086138448589,0.019023487445390508,dlpfc,Visium_DLPFC,spatial,matched_hop0
MALAT1,spatial_knn,0.1960166513875085,0.13639839599386724,0.1919086138448589,0.05961825539364127,dlpfc,Visium_DLPFC,spatial,matched_hop0
MBP,mean,0.0,0.0,0.5156025633668878,0.0,dlpfc,Visium_DLPFC,spatial,matched_hop0
MBP,pca_ridge,0.5167422801206926,0.40749095529238344,0.5156025633668878,0.10925132482830913,dlpfc,Visium_DLPFC,spatial,matched_hop0
MBP,spatial_knn,0.49188470619249286,0.3753319575302672,0.5156025633668878,0.11655274866222565,dlpfc,Visium_DLPFC,spatial,matched_hop0
MGP,mean,0.0,0.0,0.3641248799790357,0.0,dlpfc,Visium_DLPFC,spatial,matched_hop0
MGP,pca_ridge,0.1560352950545217,0.1501994688268148,0.3641248799790357,0.005835826227706897,dlpfc,Visium_DLPFC,spatial,matched_hop0
MGP,spatial_knn,0.43617963832949275,0.2304748680506606,0.3641248799790357,0.20570477027883216,dlpfc,Visium_DLPFC,spatial,matched_hop0
MOBP,mean,0.0,0.0,0.3196668563856915,0.0,dlpfc,Visium_DLPFC,spatial,matched_hop0
MOBP,pca_ridge,0.4826886164204979,0.2765513079885201,0.3196668563856915,0.20613730843197775,dlpfc,Visium_DLPFC,spatial,matched_hop0
MOBP,spatial_knn,0.39082011404913575,0.2196792153344052,0.3196668563856915,0.17114089871473054,dlpfc,Visium_DLPFC,spatial,matched_hop0
MOG,mean,0.0,0.0,0.2020854320738061,0.0,dlpfc,Visium_DLPFC,spatial,matched_hop0
MOG,pca_ridge,0.4269977849416944,0.21935150300690132,0.2020854320738061,0.20764628193479306,dlpfc,Visium_DLPFC,spatial,matched_hop0
MOG,spatial_knn,0.2647627374692692,0.13454749942466948,0.2020854320738061,0.13021523804459972,dlpfc,Visium_DLPFC,spatial,matched_hop0
MUC1,mean,0.0,0.0,0.2468302877405294,0.0,dlpfc,Visium_DLPFC,spatial,matched_hop0
MUC1,pca_ridge,0.2346388026623341,0.1719644088884316,0.2468302877405294,0.06267439377390252,dlpfc,Visium_DLPFC,spatial,matched_hop0
MUC1,spatial_knn,0.3242317505628734,0.20336993272315684,0.2468302877405294,0.12086181783971656,dlpfc,Visium_DLPFC,spatial,matched_hop0
NEFL,pca_ridge,0.477793373014625,0.4778579107323509,0.278464746694377,-6.453771772590988e-05,dlpfc,Visium_DLPFC,spatial,matched_hop0
NEFL,spatial_knn,0.18978290065435438,0.15022797582183642,0.278464746694377,0.03955492483251796,dlpfc,Visium_DLPFC,spatial,matched_hop0
NKX6-2,pca_ridge,0.37509070060380334,0.1990818930526653,0.1605185055744521,0.17600880755113804,dlpfc,Visium_DLPFC,spatial,matched_hop0
NKX6-2,spatial_knn,0.21961654641638248,0.11300032915380058,0.1605185055744521,0.1066162172625819,dlpfc,Visium_DLPFC,spatial,matched_hop0
PLP1,pca_ridge,0.5187821347412709,0.3822246222091265,0.418948084852661,0.13655751253214438,dlpfc,Visium_DLPFC,spatial,matched_hop0
PLP1,spatial_knn,0.4500406927787009,0.3096037480143804,0.418948084852661,0.1404369447643205,dlpfc,Visium_DLPFC,spatial,matched_hop0
PPP1R14A,pca_ridge,0.4162307664837727,0.222653696179243,0.2156929779592869,0.19357707030452972,dlpfc,Visium_DLPFC,spatial,matched_hop0
PPP1R14A,spatial_knn,0.27726322719026675,0.11122979692762584,0.2156929779592869,0.1660334302626409,dlpfc,Visium_DLPFC,spatial,matched_hop0
PTGDS,mean,0.0,0.0,0.1777215540482319,0.0,dlpfc,Visium_DLPFC,spatial,matched_hop0
PTGDS,pca_ridge,0.3220210715689116,0.22052136944343834,0.1777215540482319,0.10149970212547324,dlpfc,Visium_DLPFC,spatial,matched_hop0
PTGDS,spatial_knn,0.10909209258586443,0.01323169445749237,0.1777215540482319,0.09586039812837206,dlpfc,Visium_DLPFC,spatial,matched_hop0
RNASE1,mean,0.0,0.0,0.1665005564998363,0.0,dlpfc,Visium_DLPFC,spatial,matched_hop0
RNASE1,pca_ridge,0.3694775441830159,0.21541314828934044,0.1665005564998363,0.1540643958936755,dlpfc,Visium_DLPFC,spatial,matched_hop0
RNASE1,spatial_knn,0.21281121506494158,0.10998359164968381,0.1665005564998363,0.10282762341525777,dlpfc,Visium_DLPFC,spatial,matched_hop0
S100A11,mean,0.0,0.0,0.1697706261926276,0.0,dlpfc,Visium_DLPFC,spatial,matched_hop0
S100A11,pca_ridge,0.25662575459377857,0.17760742607334848,0.1697706261926276,0.07901832852043009,dlpfc,Visium_DLPFC,spatial,matched_hop0
S100A11,spatial_knn,0.2545070374080871,0.15249730757955368,0.1697706261926276,0.10200972982853343,dlpfc,Visium_DLPFC,spatial,matched_hop0
S100B,mean,0.0,0.0,0.2048527570168208,0.0,dlpfc,Visium_DLPFC,spatial,matched_hop0
S100B,pca_ridge,0.341619958157774,0.2492373449420507,0.2048527570168208,0.09238261321572333,dlpfc,Visium_DLPFC,spatial,matched_hop0
S100B,spatial_knn,0.1506780333164137,0.06505616983621218,0.2048527570168208,0.08562186348020151,dlpfc,Visium_DLPFC,spatial,matched_hop0
SAA1,pca_ridge,0.13577841653370692,0.11911247545384966,0.4136080591854777,0.016665941079857263,dlpfc,Visium_DLPFC,spatial,matched_hop0
SAA1,spatial_knn,0.5090474770866843,0.3922612196983449,0.4136080591854777,0.11678625738833942,dlpfc,Visium_DLPFC,spatial,matched_hop0
SAA2,mean,0.0,0.0,0.1772707756291735,0.0,dlpfc,Visium_DLPFC,spatial,matched_hop0
SAA2,pca_ridge,0.07736151695889644,0.0676729435171877,0.1772707756291735,0.009688573441708745,dlpfc,Visium_DLPFC,spatial,matched_hop0
SAA2,spatial_knn,0.27184718093964994,0.1532913580559928,0.1772707756291735,0.11855582288365712,dlpfc,Visium_DLPFC,spatial,matched_hop0
SCGB1D2,mean,0.0,0.0,0.5286076681339221,0.0,dlpfc,Visium_DLPFC,spatial,matched_hop0
SCGB1D2,pca_ridge,0.24523025263244116,0.19203699640552524,0.5286076681339221,0.053193256226915925,dlpfc,Visium_DLPFC,spatial,matched_hop0
SCGB1D2,spatial_knn,0.5909445757176124,0.3935341100014627,0.5286076681339221,0.19741046571614967,dlpfc,Visium_DLPFC,spatial,matched_hop0
SCGB2A2,pca_ridge,0.2974663444187652,0.2219700243705837,0.7143328555346343,0.07549632004818149,dlpfc,Visium_DLPFC,spatial,matched_hop0
SCGB2A2,spatial_knn,0.712950083526268,0.49344598462429606,0.7143328555346343,0.21950409890197192,dlpfc,Visium_DLPFC,spatial,matched_hop0
SEPT4,mean,0.0,0.0,0.1760454776288026,0.0,dlpfc,Visium_DLPFC,spatial,matched_hop0
SEPT4,pca_ridge,0.3552539847951309,0.23900583309855733,0.1760454776288026,0.11624815169657354,dlpfc,Visium_DLPFC,spatial,matched_hop0
SEPT4,spatial_knn,0.22851690882009668,0.11544334789505932,0.1760454776288026,0.11307356092503736,dlpfc,Visium_DLPFC,spatial,matched_hop0
SPP1,mean,0.0,0.0,0.2172672707758185,0.0,dlpfc,Visium_DLPFC,spatial,matched_hop0
SPP1,pca_ridge,0.44363552621209534,0.27689660637758295,0.2172672707758185,0.1667389198345124,dlpfc,Visium_DLPFC,spatial,matched_hop0
SPP1,spatial_knn,0.2845181836126499,0.16577505314708005,0.2172672707758185,0.11874313046556986,dlpfc,Visium_DLPFC,spatial,matched_hop0
TF,mean,0.0,0.0,0.2769873246015387,0.0,dlpfc,Visium_DLPFC,spatial,matched_hop0
TF,pca_ridge,0.478739936076901,0.3089908705838743,0.2769873246015387,0.1697490654930267,dlpfc,Visium_DLPFC,spatial,matched_hop0
TF,spatial_knn,0.3375142809596186,0.20576148131333188,0.2769873246015387,0.13175279964628672,dlpfc,Visium_DLPFC,spatial,matched_hop0
TFF1,mean,0.0,0.0,0.2356339408791286,0.0,dlpfc,Visium_DLPFC,spatial,matched_hop0
TFF1,pca_ridge,0.14482351979420985,0.12060205498157188,0.2356339408791286,0.02422146481263797,dlpfc,Visium_DLPFC,spatial,matched_hop0
TFF1,spatial_knn,0.3303872136651679,0.19489432489892566,0.2356339408791286,0.13549288876624221,dlpfc,Visium_DLPFC,spatial,matched_hop0
TFF3,pca_ridge,0.16129358375496464,0.1457124982923394,0.1745244424053923,0.015581085462625238,dlpfc,Visium_DLPFC,spatial,matched_hop0
TFF3,spatial_knn,0.22744451446056227,0.07889928659801179,0.1745244424053923,0.14854522786255048,dlpfc,Visium_DLPFC,spatial,matched_hop0
TMEM144,pca_ridge,0.3940612852314571,0.21594008354930744,0.1660435568944688,0.17812120168214968,dlpfc,Visium_DLPFC,spatial,matched_hop0
TMEM144,spatial_knn,0.22129580905382187,0.08667718396086962,0.1660435568944688,0.13461862509295225,dlpfc,Visium_DLPFC,spatial,matched_hop0
AGR2,mean,0.0,0.0,0.1324995223814516,0.0,anderson,ST_v1,spatial,matched_hop5
AGR2,pca_ridge,0.5496429501715225,0.023427773684704854,0.1324995223814516,0.5262151764868177,anderson,ST_v1,spatial,matched_hop5
AGR2,spatial_knn,0.02812861370731166,-0.2016997249399463,0.1324995223814516,0.22982833864725796,anderson,ST_v1,spatial,matched_hop5
AGR3,mean,0.0,0.0,0.1426284395399444,0.0,anderson,ST_v1,spatial,matched_hop5
AGR3,pca_ridge,0.4189126973030148,0.08133094544033466,0.1426284395399444,0.33758175186268014,anderson,ST_v1,spatial,matched_hop5
AGR3,spatial_knn,0.07389553719941014,-0.007870240738450428,0.1426284395399444,0.08176577793786056,anderson,ST_v1,spatial,matched_hop5
AP000769,mean,0.0,0.0,0.2195950598468359,0.0,anderson,ST_v1,spatial,matched_hop5
AP000769,pca_ridge,0.7471360398243327,0.4220656563558252,0.2195950598468359,0.32507038346850753,anderson,ST_v1,spatial,matched_hop5
AP000769,spatial_knn,0.02687721064304932,-0.048957126265062975,0.2195950598468359,0.0758343369081123,anderson,ST_v1,spatial,matched_hop5
AREG,mean,0.0,0.0,0.1498006185941157,0.0,anderson,ST_v1,spatial,matched_hop5
AREG,pca_ridge,0.46306710483203056,-0.06997743769924389,0.1498006185941157,0.5330445425312744,anderson,ST_v1,spatial,matched_hop5
AREG,spatial_knn,0.11436806944890102,-0.035581319755993775,0.1498006185941157,0.14994938920489478,anderson,ST_v1,spatial,matched_hop5
ASPH,mean,0.0,0.0,0.1078742777110338,0.0,anderson,ST_v1,spatial,matched_hop5
ASPH,pca_ridge,0.643689707462799,0.6930298558680825,0.1078742777110338,-0.04934014840528356,anderson,ST_v1,spatial,matched_hop5
ASPH,spatial_knn,0.00415353262668787,0.09253961995856148,0.1078742777110338,-0.08838608733187361,anderson,ST_v1,spatial,matched_hop5
CCL19,mean,0.0,0.0,0.1389008918769181,0.0,anderson,ST_v1,spatial,matched_hop5
CCL19,pca_ridge,0.4690175421917197,0.1794737345958502,0.1389008918769181,0.2895438075958695,anderson,ST_v1,spatial,matched_hop5
CCL19,spatial_knn,0.03611931383892636,0.08492295948023597,0.1389008918769181,-0.04880364564130961,anderson,ST_v1,spatial,matched_hop5
CCL21,mean,0.0,0.0,0.0817075963034446,0.0,anderson,ST_v1,spatial,matched_hop5
CCL21,pca_ridge,0.2658902099361241,0.08796051522635971,0.0817075963034446,0.17792969470976439,anderson,ST_v1,spatial,matched_hop5
CCL21,spatial_knn,0.03721928052445981,0.01778738994132062,0.0817075963034446,0.01943189058313919,anderson,ST_v1,spatial,matched_hop5
CD36,mean,0.0,0.0,0.0968794239704968,0.0,anderson,ST_v1,spatial,matched_hop5
CD36,pca_ridge,0.6656004599790458,0.5018293028489407,0.0968794239704968,0.16377115713010515,anderson,ST_v1,spatial,matched_hop5
CD36,spatial_knn,0.01993109541420924,0.0066006165559442,0.0968794239704968,0.013330478858265039,anderson,ST_v1,spatial,matched_hop5
CD74,mean,0.0,0.0,0.2150025876400652,0.0,anderson,ST_v1,spatial,matched_hop5
CD74,pca_ridge,0.6745118604593757,0.577896803112391,0.2150025876400652,0.09661505734698472,anderson,ST_v1,spatial,matched_hop5
CD74,spatial_knn,0.004973062742679229,-0.132162159814098,0.2150025876400652,0.13713522255677724,anderson,ST_v1,spatial,matched_hop5
CHGA,mean,0.0,0.0,0.1993597090956675,0.0,anderson,ST_v1,spatial,matched_hop5
CHGA,pca_ridge,0.4776475738658704,0.08822548913764452,0.1993597090956675,0.3894220847282259,anderson,ST_v1,spatial,matched_hop5
CHGA,spatial_knn,0.13474642283691585,-0.007895642829289286,0.1993597090956675,0.14264206566620513,anderson,ST_v1,spatial,matched_hop5
COL3A1,mean,0.0,0.0,0.1602187287415666,0.0,anderson,ST_v1,spatial,matched_hop5
COL3A1,pca_ridge,0.7226340020791417,0.41300252686542127,0.1602187287415666,0.3096314752137205,anderson,ST_v1,spatial,matched_hop5
COL3A1,spatial_knn,0.054639392456537074,0.03877800117489767,0.1602187287415666,0.015861391281639402,anderson,ST_v1,spatial,matched_hop5
DCAF12L2,mean,0.0,0.0,0.1143806659003017,0.0,anderson,ST_v1,spatial,matched_hop5
DCAF12L2,pca_ridge,0.43444200108287107,0.01760541013458778,0.1143806659003017,0.4168365909482833,anderson,ST_v1,spatial,matched_hop5
DCAF12L2,spatial_knn,0.10722099724053821,0.0,0.1143806659003017,0.10722099724053821,anderson,ST_v1,spatial,matched_hop5
FABP4,mean,0.0,0.0,0.1201725676701328,0.0,anderson,ST_v1,spatial,matched_hop5
FABP4,pca_ridge,0.2615542385709938,0.23009324755124866,0.1201725676701328,0.031460991019745144,anderson,ST_v1,spatial,matched_hop5
FABP4,spatial_knn,0.03339696618690509,-0.030416404124408804,0.1201725676701328,0.0638133703113139,anderson,ST_v1,spatial,matched_hop5
FABP7,mean,0.0,0.0,0.1321395249524168,0.0,anderson,ST_v1,spatial,matched_hop5
FABP7,pca_ridge,0.5376216459881651,0.12594246288814476,0.1321395249524168,0.41167918310002033,anderson,ST_v1,spatial,matched_hop5
FABP7,spatial_knn,0.14727516461188356,-0.035868159809725866,0.1321395249524168,0.1831433244216094,anderson,ST_v1,spatial,matched_hop5
FNBP1L,mean,0.0,0.0,0.1210202630402389,0.0,anderson,ST_v1,spatial,matched_hop5
FNBP1L,pca_ridge,0.852455075631654,0.7392493700816717,0.1210202630402389,0.11320570554998233,anderson,ST_v1,spatial,matched_hop5
FNBP1L,spatial_knn,-0.01997125127535086,0.2679826404919717,0.1210202630402389,-0.28795389176732256,anderson,ST_v1,spatial,matched_hop5
GLYATL2,mean,0.0,0.0,0.1098343908114981,0.0,anderson,ST_v1,spatial,matched_hop5
GLYATL2,pca_ridge,0.6705784583637042,0.7331229612318554,0.1098343908114981,-0.06254450286815116,anderson,ST_v1,spatial,matched_hop5
GLYATL2,spatial_knn,0.01845070321499314,0.085867116544799,0.1098343908114981,-0.06741641332980586,anderson,ST_v1,spatial,matched_hop5
GNAS,mean,0.0,0.0,0.1728756506052079,0.0,anderson,ST_v1,spatial,matched_hop5
GNAS,pca_ridge,0.638487755708795,0.48538305007936333,0.1728756506052079,0.15310470562943168,anderson,ST_v1,spatial,matched_hop5
GNAS,spatial_knn,0.03683034205590816,0.20623786803677485,0.1728756506052079,-0.1694075259808667,anderson,ST_v1,spatial,matched_hop5
HLA-E,mean,0.0,0.0,0.1530575352002701,0.0,anderson,ST_v1,spatial,matched_hop5
HLA-E,pca_ridge,0.7022878681634515,0.8177445620112491,0.1530575352002701,-0.11545669384779766,anderson,ST_v1,spatial,matched_hop5
HLA-E,spatial_knn,-0.00660884351355707,0.11784651341617192,0.1530575352002701,-0.12445535692972899,anderson,ST_v1,spatial,matched_hop5
IGHD,mean,0.0,0.0,0.0860101133484178,0.0,anderson,ST_v1,spatial,matched_hop5
IGHD,pca_ridge,0.3664986859743738,0.4497055730410014,0.0860101133484178,-0.0832068870666276,anderson,ST_v1,spatial,matched_hop5
IGHD,spatial_knn,0.01156716807850041,-0.07479640551905821,0.0860101133484178,0.08636357359755861,anderson,ST_v1,spatial,matched_hop5
IGHG4,mean,0.0,0.0,0.1660679503030481,0.0,anderson,ST_v1,spatial,matched_hop5
IGHG4,pca_ridge,0.8475412302518496,0.20965690155587505,0.1660679503030481,0.6378843286959746,anderson,ST_v1,spatial,matched_hop5
IGHG4,spatial_knn,0.0367295456436049,0.22809244063536252,0.1660679503030481,-0.19136289499175763,anderson,ST_v1,spatial,matched_hop5
IGHM,mean,0.0,0.0,0.2672035886614903,0.0,anderson,ST_v1,spatial,matched_hop5
IGHM,pca_ridge,0.82418644513916,0.47585973036823076,0.2672035886614903,0.3483267147709292,anderson,ST_v1,spatial,matched_hop5
IGHM,spatial_knn,0.0168232711023389,0.28888099074236556,0.2672035886614903,-0.2720577196400267,anderson,ST_v1,spatial,matched_hop5
IGKC,mean,0.0,0.0,0.4158786931838041,0.0,anderson,ST_v1,spatial,matched_hop5
IGKC,pca_ridge,0.8936638693793075,0.8989055924812615,0.4158786931838041,-0.005241723101953921,anderson,ST_v1,spatial,matched_hop5
IGKC,spatial_knn,-0.03393621429602281,0.3835481008665518,0.4158786931838041,-0.41748431516257456,anderson,ST_v1,spatial,matched_hop5
IGLC2,mean,0.0,0.0,0.3626695860502455,0.0,anderson,ST_v1,spatial,matched_hop5
IGLC2,pca_ridge,0.8574897281444154,0.4468232156613091,0.3626695860502455,0.41066651248310626,anderson,ST_v1,spatial,matched_hop5
IGLC2,spatial_knn,-0.028383131948818967,-0.10075816967464077,0.3626695860502455,0.0723750377258218,anderson,ST_v1,spatial,matched_hop5
IGLC7,mean,0.0,0.0,0.1717310534306244,0.0,anderson,ST_v1,spatial,matched_hop5
IGLC7,pca_ridge,0.517879636710239,0.5124483887818452,0.1717310534306244,0.005431247928393779,anderson,ST_v1,spatial,matched_hop5
IGLC7,spatial_knn,0.024153507510055718,-0.033894706828094076,0.1717310534306244,0.058048214338149794,anderson,ST_v1,spatial,matched_hop5
ISG15,mean,0.0,0.0,0.1271166346287661,0.0,anderson,ST_v1,spatial,matched_hop5
ISG15,pca_ridge,0.6440802029562549,0.7664074240739673,0.1271166346287661,-0.12232722111771244,anderson,ST_v1,spatial,matched_hop5
ISG15,spatial_knn,-0.00043835220674821944,-0.2898343170959947,0.1271166346287661,0.2893959648892465,anderson,ST_v1,spatial,matched_hop5
ITGAV,mean,0.0,0.0,0.0819596278529162,0.0,anderson,ST_v1,spatial,matched_hop5
ITGAV,pca_ridge,0.44021769196107285,0.2406067951799362,0.0819596278529162,0.19961089678113667,anderson,ST_v1,spatial,matched_hop5
ITGAV,spatial_knn,-0.0029531207989564406,-0.040681858854574475,0.0819596278529162,0.037728738055618036,anderson,ST_v1,spatial,matched_hop5
JCHAIN,mean,0.0,0.0,0.1553856752080432,0.0,anderson,ST_v1,spatial,matched_hop5
JCHAIN,pca_ridge,0.46098693247874456,0.26141217295119634,0.1553856752080432,0.19957475952754822,anderson,ST_v1,spatial,matched_hop5
JCHAIN,spatial_knn,0.04314258485160083,-0.05243439099293111,0.1553856752080432,0.09557697584453194,anderson,ST_v1,spatial,matched_hop5
KRT15,mean,0.0,0.0,0.1219924971933015,0.0,anderson,ST_v1,spatial,matched_hop5
KRT15,pca_ridge,0.4385112260892221,0.3750012003000816,0.1219924971933015,0.0635100257891405,anderson,ST_v1,spatial,matched_hop5
KRT15,spatial_knn,0.05632960099935869,-0.009447180493026888,0.1219924971933015,0.06577678149238557,anderson,ST_v1,spatial,matched_hop5
KRT17,mean,0.0,0.0,0.0937079908018226,0.0,anderson,ST_v1,spatial,matched_hop5
KRT17,pca_ridge,0.4396437469881196,0.18748481112536264,0.0937079908018226,0.25215893586275695,anderson,ST_v1,spatial,matched_hop5
KRT17,spatial_knn,0.02604224203572597,-0.010827328500236575,0.0937079908018226,0.03686957053596254,anderson,ST_v1,spatial,matched_hop5
KRT18,mean,0.0,0.0,0.0813840488617422,0.0,anderson,ST_v1,spatial,matched_hop5
KRT18,pca_ridge,0.48185648310791657,0.48193764464079597,0.0813840488617422,-8.116153287940353e-05,anderson,ST_v1,spatial,matched_hop5
KRT18,spatial_knn,-0.00486460894127683,0.21382369404182064,0.0813840488617422,-0.21868830298309747,anderson,ST_v1,spatial,matched_hop5
KRT81,mean,0.0,0.0,0.1043875954089753,0.0,anderson,ST_v1,spatial,matched_hop5
KRT81,pca_ridge,0.8141685105246761,0.49916960597637816,0.1043875954089753,0.31499890454829793,anderson,ST_v1,spatial,matched_hop5
KRT81,spatial_knn,0.09404730667367749,-0.03439668535278982,0.1043875954089753,0.1284439920264673,anderson,ST_v1,spatial,matched_hop5
LAPTM4A,mean,0.0,0.0,0.1133900000184341,0.0,anderson,ST_v1,spatial,matched_hop5
LAPTM4A,pca_ridge,0.6002184563289599,0.06845016000900733,0.1133900000184341,0.5317682963199526,anderson,ST_v1,spatial,matched_hop5
LAPTM4A,spatial_knn,0.03331495719181168,0.11157025936184195,0.1133900000184341,-0.07825530217003027,anderson,ST_v1,spatial,matched_hop5
LTF,mean,0.0,0.0,0.1083520695333013,0.0,anderson,ST_v1,spatial,matched_hop5
LTF,pca_ridge,0.549420762825131,0.28346571321891667,0.1083520695333013,0.2659550496062143,anderson,ST_v1,spatial,matched_hop5
LTF,spatial_knn,0.059464662896029453,-0.13998689295190306,0.1083520695333013,0.1994515558479325,anderson,ST_v1,spatial,matched_hop5
MUC6,mean,0.0,0.0,0.1395612864681152,0.0,anderson,ST_v1,spatial,matched_hop5
MUC6,pca_ridge,0.7965446879695997,0.32612596206843875,0.1395612864681152,0.4704187259011609,anderson,ST_v1,spatial,matched_hop5
MUC6,spatial_knn,0.08520184455647356,-0.04077954653975144,0.1395612864681152,0.125981391096225,anderson,ST_v1,spatial,matched_hop5
MUCL1,mean,0.0,0.0,0.2035057087321183,0.0,anderson,ST_v1,spatial,matched_hop5
MUCL1,pca_ridge,0.8379244274404473,0.048804856119888364,0.2035057087321183,0.7891195713205589,anderson,ST_v1,spatial,matched_hop5
MUCL1,spatial_knn,0.03624080584427774,0.2477387473111509,0.2035057087321183,-0.21149794146687315,anderson,ST_v1,spatial,matched_hop5
POSTN,mean,0.0,0.0,0.1051747118003996,0.0,anderson,ST_v1,spatial,matched_hop5
POSTN,pca_ridge,0.6504472773800198,0.4602385537077761,0.1051747118003996,0.19020872367224373,anderson,ST_v1,spatial,matched_hop5
POSTN,spatial_knn,0.05221686616739711,-0.22710893210868374,0.1051747118003996,0.27932579827608084,anderson,ST_v1,spatial,matched_hop5
PSMB3,mean,0.0,0.0,0.1410456057197452,0.0,anderson,ST_v1,spatial,matched_hop5
PSMB3,pca_ridge,0.6358102010101818,0.2245236231772719,0.1410456057197452,0.4112865778329099,anderson,ST_v1,spatial,matched_hop5
PSMB3,spatial_knn,0.06495671813868939,0.27660580058880935,0.1410456057197452,-0.21164908245011996,anderson,ST_v1,spatial,matched_hop5
PTGDS,mean,0.0,0.0,0.1180275641648927,0.0,anderson,ST_v1,spatial,matched_hop5
PTGDS,pca_ridge,0.4121735698460248,0.21517029607900715,0.1180275641648927,0.19700327376701768,anderson,ST_v1,spatial,matched_hop5
PTGDS,spatial_knn,0.03537941571051401,0.04677181745734399,0.1180275641648927,-0.011392401746829976,anderson,ST_v1,spatial,matched_hop5
PVALB,mean,0.0,0.0,0.0796546336923996,0.0,anderson,ST_v1,spatial,matched_hop5
PVALB,pca_ridge,0.4123861696298424,0.11389348465777109,0.0796546336923996,0.2984926849720713,anderson,ST_v1,spatial,matched_hop5
PVALB,spatial_knn,0.07550859325604901,0.0,0.0796546336923996,0.07550859325604901,anderson,ST_v1,spatial,matched_hop5
RHOB,mean,0.0,0.0,0.1073805445901473,0.0,anderson,ST_v1,spatial,matched_hop5
RHOB,pca_ridge,0.4840871354171886,0.5109844551909251,0.1073805445901473,-0.02689731977373644,anderson,ST_v1,spatial,matched_hop5
RHOB,spatial_knn,0.03593336991030323,0.14270734031667606,0.1073805445901473,-0.10677397040637283,anderson,ST_v1,spatial,matched_hop5
S100A8,mean,0.0,0.0,0.1058392848922515,0.0,anderson,ST_v1,spatial,matched_hop5
S100A8,pca_ridge,0.8277150178867227,0.8255002271006241,0.1058392848922515,0.0022147907860986527,anderson,ST_v1,spatial,matched_hop5
S100A8,spatial_knn,0.0017852261917017706,-0.20232274844293743,0.1058392848922515,0.2041079746346392,anderson,ST_v1,spatial,matched_hop5
S100A9,mean,0.0,0.0,0.1576748455991876,0.0,anderson,ST_v1,spatial,matched_hop5
S100A9,pca_ridge,0.8355780605785895,0.8386905632423887,0.1576748455991876,-0.0031125026637991438,anderson,ST_v1,spatial,matched_hop5
S100A9,spatial_knn,-0.07770155330781475,-0.062325573268301245,0.1576748455991876,-0.015375980039513508,anderson,ST_v1,spatial,matched_hop5
SCGB2A1,mean,0.0,0.0,0.0810778348273614,0.0,anderson,ST_v1,spatial,matched_hop5
SCGB2A1,pca_ridge,0.3742966853160613,0.31907699389275035,0.0810778348273614,0.05521969142331096,anderson,ST_v1,spatial,matched_hop5
SCGB2A1,spatial_knn,0.03303447106226081,-0.0362298982894715,0.0810778348273614,0.0692643693517323,anderson,ST_v1,spatial,matched_hop5
SCGB2A2,mean,0.0,0.0,0.3962425932715133,0.0,anderson,ST_v1,spatial,matched_hop5
SCGB2A2,pca_ridge,0.7841069797016663,0.604892826547181,0.3962425932715133,0.1792141531544853,anderson,ST_v1,spatial,matched_hop5
SCGB2A2,spatial_knn,-0.028391589256812434,0.03058435637129479,0.3962425932715133,-0.05897594562810722,anderson,ST_v1,spatial,matched_hop5
SCGB3A1,mean,0.0,0.0,0.0887373266319377,0.0,anderson,ST_v1,spatial,matched_hop5
SCGB3A1,pca_ridge,0.7867889733232101,0.8675428932562341,0.0887373266319377,-0.08075391993302405,anderson,ST_v1,spatial,matched_hop5
SCGB3A1,spatial_knn,0.01284869276283982,-0.1509488562560293,0.0887373266319377,0.16379754901886912,anderson,ST_v1,spatial,matched_hop5
SERP1,mean,0.0,0.0,0.090222842022612,0.0,anderson,ST_v1,spatial,matched_hop5
SERP1,pca_ridge,0.4598316416457339,0.35077929451299605,0.090222842022612,0.10905234713273787,anderson,ST_v1,spatial,matched_hop5
SERP1,spatial_knn,0.00831412145982666,-0.0066712032433375364,0.090222842022612,0.014985324703164197,anderson,ST_v1,spatial,matched_hop5
SLC9A3R1,mean,0.0,0.0,0.1121974228583603,0.0,anderson,ST_v1,spatial,matched_hop5
SLC9A3R1,pca_ridge,0.7615684053946147,0.8249236237962215,0.1121974228583603,-0.06335521840160685,anderson,ST_v1,spatial,matched_hop5
SLC9A3R1,spatial_knn,-0.00535828645440835,0.24484834657932045,0.1121974228583603,-0.2502066330337288,anderson,ST_v1,spatial,matched_hop5
STOM,mean,0.0,0.0,0.0846943610009284,0.0,anderson,ST_v1,spatial,matched_hop5
STOM,pca_ridge,0.3645971953789631,0.15985275083531147,0.0846943610009284,0.20474444454365165,anderson,ST_v1,spatial,matched_hop5
STOM,spatial_knn,0.05180745186882849,0.019068709380799964,0.0846943610009284,0.03273874248802853,anderson,ST_v1,spatial,matched_hop5
TFF1,mean,0.0,0.0,0.1088890464636705,0.0,anderson,ST_v1,spatial,matched_hop5
TFF1,pca_ridge,0.6710060194638713,0.4370399666108745,0.1088890464636705,0.23396605285299676,anderson,ST_v1,spatial,matched_hop5
TFF1,spatial_knn,0.08288146104306396,-0.0001858644667679,0.1088890464636705,0.08306732550983185,anderson,ST_v1,spatial,matched_hop5
TFF3,mean,0.0,0.0,0.1554767375059992,0.0,anderson,ST_v1,spatial,matched_hop5
TFF3,pca_ridge,0.7341434839718427,0.44168245963225666,0.1554767375059992,0.29246102433958604,anderson,ST_v1,spatial,matched_hop5
TFF3,spatial_knn,0.07793112012360244,0.15936522585167545,0.1554767375059992,-0.08143410572807301,anderson,ST_v1,spatial,matched_hop5
ENSG00000007312,mean,0.0,0.0,0.1516946392528602,0.0,thrane,ST_v1,spatial,matched_hop2
ENSG00000007312,pca_ridge,0.6755570536284808,0.5852162900444464,0.1516946392528602,0.09034076358403442,thrane,ST_v1,spatial,matched_hop2
ENSG00000007312,spatial_knn,0.02379739607055616,-0.04703798588648699,0.1516946392528602,0.07083538195704316,thrane,ST_v1,spatial,matched_hop2
ENSG00000011465,mean,0.0,0.0,0.1647689780610995,0.0,thrane,ST_v1,spatial,matched_hop2
ENSG00000011465,pca_ridge,0.48332057733713985,0.5503594927177937,0.1647689780610995,-0.06703891538065387,thrane,ST_v1,spatial,matched_hop2
ENSG00000011465,spatial_knn,-0.02733781462652405,0.003912451514983869,0.1647689780610995,-0.031250266141507915,thrane,ST_v1,spatial,matched_hop2
ENSG00000019582,mean,0.0,0.0,0.2721271499091866,0.0,thrane,ST_v1,spatial,matched_hop2
ENSG00000019582,pca_ridge,0.747852882460157,0.7781357773730065,0.2721271499091866,-0.030282894912849523,thrane,ST_v1,spatial,matched_hop2
ENSG00000019582,spatial_knn,-0.03307603370052058,0.1672527906116518,0.2721271499091866,-0.20032882431217236,thrane,ST_v1,spatial,matched_hop2
ENSG00000068831,mean,0.0,0.0,0.1537849994048688,0.0,thrane,ST_v1,spatial,matched_hop2
ENSG00000068831,pca_ridge,0.5469574557330178,0.5789531788896649,0.1537849994048688,-0.031995723156647116,thrane,ST_v1,spatial,matched_hop2
ENSG00000068831,spatial_knn,-0.01245973373217725,0.03201784750327808,0.1537849994048688,-0.04447758123545533,thrane,ST_v1,spatial,matched_hop2
ENSG00000087086,mean,0.0,0.0,0.1742076799627259,0.0,thrane,ST_v1,spatial,matched_hop2
ENSG00000087086,pca_ridge,0.5547614155343229,0.510876847302364,0.1742076799627259,0.043884568231958854,thrane,ST_v1,spatial,matched_hop2
ENSG00000087086,spatial_knn,0.07513864906091242,0.13784015154858834,0.1742076799627259,-0.06270150248767592,thrane,ST_v1,spatial,matched_hop2
ENSG00000101335,mean,0.0,0.0,0.2413059481132959,0.0,thrane,ST_v1,spatial,matched_hop2
ENSG00000101335,pca_ridge,0.5317816671480224,0.4764981445684321,0.2413059481132959,0.05528352257959035,thrane,ST_v1,spatial,matched_hop2
ENSG00000101335,spatial_knn,-0.02338539311616334,0.03273457591519398,0.2413059481132959,-0.05611996903135732,thrane,ST_v1,spatial,matched_hop2
ENSG00000102879,mean,0.0,0.0,0.1583010882604621,0.0,thrane,ST_v1,spatial,matched_hop2
ENSG00000102879,pca_ridge,0.6232280901707101,0.7027848838395369,0.1583010882604621,-0.07955679366882673,thrane,ST_v1,spatial,matched_hop2
ENSG00000102879,spatial_knn,0.04442459783582183,0.027273134265651415,0.1583010882604621,0.017151463570170417,thrane,ST_v1,spatial,matched_hop2
ENSG00000104419,pca_ridge,0.7439151548248766,0.704208338277097,0.1574565036034451,0.03970681654777963,thrane,ST_v1,spatial,matched_hop2
ENSG00000104419,spatial_knn,0.006514567775730158,-0.03292185439362759,0.1574565036034451,0.03943642216935775,thrane,ST_v1,spatial,matched_hop2
ENSG00000104894,pca_ridge,0.6855876546140585,0.6759044703289587,0.1884588677252927,0.009683184285099733,thrane,ST_v1,spatial,matched_hop2
ENSG00000104894,spatial_knn,0.05531332709881955,-0.10602054433410564,0.1884588677252927,0.16133387143292519,thrane,ST_v1,spatial,matched_hop2
ENSG00000104921,pca_ridge,0.5117792789622554,0.6226604290840426,0.2075898428622362,-0.11088115012178723,thrane,ST_v1,spatial,matched_hop2
ENSG00000104921,spatial_knn,0.09826545260590902,0.01773193127281548,0.2075898428622362,0.08053352133309354,thrane,ST_v1,spatial,matched_hop2
ENSG00000105369,mean,0.0,0.0,0.231657568717529,0.0,thrane,ST_v1,spatial,matched_hop2
ENSG00000105369,pca_ridge,0.7209342641201427,0.7421538097045259,0.231657568717529,-0.021219545584383215,thrane,ST_v1,spatial,matched_hop2
ENSG00000105369,spatial_knn,0.050798125468112035,-0.0379445579651139,0.231657568717529,0.08874268343322594,thrane,ST_v1,spatial,matched_hop2
ENSG00000105664,mean,0.0,0.0,0.198360995717282,0.0,thrane,ST_v1,spatial,matched_hop2
ENSG00000105664,pca_ridge,0.44432820231411785,0.4102673643497818,0.198360995717282,0.034060837964336066,thrane,ST_v1,spatial,matched_hop2
ENSG00000105664,spatial_knn,-0.0001620455744401894,-0.01537586123916937,0.198360995717282,0.01521381566472918,thrane,ST_v1,spatial,matched_hop2
ENSG00000107317,mean,0.0,0.0,0.166452402616557,0.0,thrane,ST_v1,spatial,matched_hop2
ENSG00000107317,pca_ridge,0.5923178011948111,0.6088842923845804,0.166452402616557,-0.016566491189769272,thrane,ST_v1,spatial,matched_hop2
ENSG00000107317,spatial_knn,-0.03478842730084683,0.0166391321722636,0.166452402616557,-0.05142755947311043,thrane,ST_v1,spatial,matched_hop2
ENSG00000108821,mean,0.0,0.0,0.2957076281853752,0.0,thrane,ST_v1,spatial,matched_hop2
ENSG00000108821,pca_ridge,0.6574580758108027,0.6626818263982079,0.2957076281853752,-0.005223750587405207,thrane,ST_v1,spatial,matched_hop2
ENSG00000108821,spatial_knn,-0.0321476458610743,-0.10542591252171114,0.2957076281853752,0.07327826666063685,thrane,ST_v1,spatial,matched_hop2
ENSG00000110799,mean,0.0,0.0,0.1690940526378662,0.0,thrane,ST_v1,spatial,matched_hop2
ENSG00000110799,pca_ridge,0.4730790200081051,0.649648313998229,0.1690940526378662,-0.1765692939901239,thrane,ST_v1,spatial,matched_hop2
ENSG00000110799,spatial_knn,0.04205719343790318,0.03815536854489856,0.1690940526378662,0.00390182489300462,thrane,ST_v1,spatial,matched_hop2
ENSG00000115306,mean,0.0,0.0,0.1595852592400134,0.0,thrane,ST_v1,spatial,matched_hop2
ENSG00000115306,pca_ridge,0.70858462243425,0.6421810071812973,0.1595852592400134,0.06640361525295269,thrane,ST_v1,spatial,matched_hop2
ENSG00000115306,spatial_knn,-0.015944266761832908,-0.11190380698222376,0.1595852592400134,0.09595954022039085,thrane,ST_v1,spatial,matched_hop2
ENSG00000115461,mean,0.0,0.0,0.1562028913486758,0.0,thrane,ST_v1,spatial,matched_hop2
ENSG00000115461,pca_ridge,0.6693703379642463,0.6503024030998983,0.1562028913486758,0.01906793486434799,thrane,ST_v1,spatial,matched_hop2
ENSG00000115461,spatial_knn,-0.08257778574627549,-0.06070855617402189,0.1562028913486758,-0.021869229572253596,thrane,ST_v1,spatial,matched_hop2
ENSG00000118785,mean,0.0,0.0,0.300753145196416,0.0,thrane,ST_v1,spatial,matched_hop2
ENSG00000118785,pca_ridge,0.6946964223732135,0.6485164427421788,0.300753145196416,0.04617997963103471,thrane,ST_v1,spatial,matched_hop2
ENSG00000118785,spatial_knn,0.041255777911302985,-0.05461109088264943,0.300753145196416,0.09586686879395241,thrane,ST_v1,spatial,matched_hop2
ENSG00000125730,mean,0.0,0.0,0.1533475657384171,0.0,thrane,ST_v1,spatial,matched_hop2
ENSG00000125730,pca_ridge,0.5995517900558348,0.6078469769141492,0.1533475657384171,-0.00829518685831443,thrane,ST_v1,spatial,matched_hop2
ENSG00000125730,spatial_knn,-0.08880145652038779,-0.03990302979629518,0.1533475657384171,-0.04889842672409261,thrane,ST_v1,spatial,matched_hop2
ENSG00000126709,mean,0.0,0.0,0.2020547039117358,0.0,thrane,ST_v1,spatial,matched_hop2
ENSG00000126709,pca_ridge,0.7757797154475095,0.7938419704635156,0.2020547039117358,-0.018062255016006112,thrane,ST_v1,spatial,matched_hop2
ENSG00000126709,spatial_knn,-0.06165672300379251,0.002956633465715176,0.2020547039117358,-0.0646133564695077,thrane,ST_v1,spatial,matched_hop2
ENSG00000129538,mean,0.0,0.0,0.1871251643603853,0.0,thrane,ST_v1,spatial,matched_hop2
ENSG00000129538,pca_ridge,0.749987918442906,0.6978814467331931,0.1871251643603853,0.05210647170971294,thrane,ST_v1,spatial,matched_hop2
ENSG00000129538,spatial_knn,-0.057810784830942465,-0.024477983763377988,0.1871251643603853,-0.03333280106756448,thrane,ST_v1,spatial,matched_hop2
ENSG00000132465,pca_ridge,0.5762364688334324,0.578612189690511,0.2658941433791481,-0.0023757208570786004,thrane,ST_v1,spatial,matched_hop2
ENSG00000132465,spatial_knn,-0.02092082733075498,0.01282918877067698,0.2658941433791481,-0.03375001610143196,thrane,ST_v1,spatial,matched_hop2
ENSG00000137077,pca_ridge,0.6527067165253894,0.7728157312468206,0.3491952864954268,-0.1201090147214312,thrane,ST_v1,spatial,matched_hop2
ENSG00000137077,spatial_knn,0.07504282801580552,0.1534152753955219,0.3491952864954268,-0.0783724473797164,thrane,ST_v1,spatial,matched_hop2
ENSG00000137818,mean,0.0,0.0,0.2088112837476471,0.0,thrane,ST_v1,spatial,matched_hop2
ENSG00000137818,pca_ridge,0.4793972301642029,0.4372750665943064,0.2088112837476471,0.042122163569896454,thrane,ST_v1,spatial,matched_hop2
ENSG00000137818,spatial_knn,-0.006375793958826585,0.21454277188050805,0.2088112837476471,-0.22091856583933464,thrane,ST_v1,spatial,matched_hop2
ENSG00000139329,mean,0.0,0.0,0.1748544316399678,0.0,thrane,ST_v1,spatial,matched_hop2
ENSG00000139329,pca_ridge,0.4424098945289149,0.41787766162351997,0.1748544316399678,0.024532232905394913,thrane,ST_v1,spatial,matched_hop2
ENSG00000139329,spatial_knn,-0.00923028242627576,-0.018154190885572775,0.1748544316399678,0.008923908459297015,thrane,ST_v1,spatial,matched_hop2
ENSG00000140105,mean,0.0,0.0,0.1714495704597315,0.0,thrane,ST_v1,spatial,matched_hop2
ENSG00000140105,pca_ridge,0.6015631532376968,0.5926776020728174,0.1714495704597315,0.008885551164879435,thrane,ST_v1,spatial,matched_hop2
ENSG00000140105,spatial_knn,-0.04058811910767919,0.01805316957150722,0.1714495704597315,-0.058641288679186415,thrane,ST_v1,spatial,matched_hop2
ENSG00000143341,pca_ridge,0.6828379627847029,0.6629279100171205,0.1788033450035842,0.019910052767582398,thrane,ST_v1,spatial,matched_hop2
ENSG00000143341,spatial_knn,0.02636519270492079,0.09897129049815999,0.1788033450035842,-0.0726060977932392,thrane,ST_v1,spatial,matched_hop2
ENSG00000145824,mean,0.0,0.0,0.1516569403745314,0.0,thrane,ST_v1,spatial,matched_hop2
ENSG00000145824,pca_ridge,0.42933946682091023,0.508007846234645,0.1516569403745314,-0.07866837941373478,thrane,ST_v1,spatial,matched_hop2
ENSG00000145824,spatial_knn,-0.05888457320254372,-0.0055235490732973395,0.1516569403745314,-0.053361024129246384,thrane,ST_v1,spatial,matched_hop2
ENSG00000153064,mean,0.0,0.0,0.2147060805600264,0.0,thrane,ST_v1,spatial,matched_hop2
ENSG00000153064,pca_ridge,0.5293984799689871,0.5042304311470295,0.2147060805600264,0.025168048821957667,thrane,ST_v1,spatial,matched_hop2
ENSG00000153064,spatial_knn,0.005082144236773589,-0.016481248140896472,0.2147060805600264,0.021563392377670063,thrane,ST_v1,spatial,matched_hop2
ENSG00000156738,mean,0.0,0.0,0.2790927331473883,0.0,thrane,ST_v1,spatial,matched_hop2
ENSG00000156738,pca_ridge,0.7595958702107702,0.7283584012456394,0.2790927331473883,0.0312374689651308,thrane,ST_v1,spatial,matched_hop2
ENSG00000156738,spatial_knn,0.03645463186643419,-0.006907494784492036,0.2790927331473883,0.043362126650926223,thrane,ST_v1,spatial,matched_hop2
ENSG00000160307,pca_ridge,0.8713478363361314,0.8787065205932851,0.2034363446355774,-0.0073586842571536915,thrane,ST_v1,spatial,matched_hop2
ENSG00000160307,spatial_knn,-0.05714056380346365,-0.12045316928001251,0.2034363446355774,0.06331260547654886,thrane,ST_v1,spatial,matched_hop2
ENSG00000162511,mean,0.0,0.0,0.1702604207728458,0.0,thrane,ST_v1,spatial,matched_hop2
ENSG00000162511,pca_ridge,0.6934275656142248,0.71888453954445,0.1702604207728458,-0.02545697393022517,thrane,ST_v1,spatial,matched_hop2
ENSG00000162511,spatial_knn,-0.005907046333956981,0.04779297236562556,0.1702604207728458,-0.05370001869958254,thrane,ST_v1,spatial,matched_hop2
ENSG00000164692,pca_ridge,0.5934251297783895,0.5226263826318688,0.207343391349689,0.07079874714652068,thrane,ST_v1,spatial,matched_hop2
ENSG00000164692,spatial_knn,0.06914091986068846,-0.059216298352541365,0.207343391349689,0.12835721821322982,thrane,ST_v1,spatial,matched_hop2
ENSG00000168542,mean,0.0,0.0,0.2305697492086675,0.0,thrane,ST_v1,spatial,matched_hop2
ENSG00000168542,pca_ridge,0.5813428101763731,0.4859465653219157,0.2305697492086675,0.09539624485445741,thrane,ST_v1,spatial,matched_hop2
ENSG00000168542,spatial_knn,-0.004655870225952109,-0.024286933096779595,0.2305697492086675,0.019631062870827484,thrane,ST_v1,spatial,matched_hop2
ENSG00000169442,mean,0.0,0.0,0.2510612277641204,0.0,thrane,ST_v1,spatial,matched_hop2
ENSG00000169442,pca_ridge,0.7614114629357103,0.8163258803764173,0.2510612277641204,-0.05491441744070702,thrane,ST_v1,spatial,matched_hop2
ENSG00000169442,spatial_knn,0.07305924750600938,0.02844113250443315,0.2510612277641204,0.04461811500157623,thrane,ST_v1,spatial,matched_hop2
ENSG00000173369,pca_ridge,0.7110088570871782,0.7449935721681366,0.1663807856543726,-0.03398471508095835,thrane,ST_v1,spatial,matched_hop2
ENSG00000173369,spatial_knn,-0.061254664010908066,-0.04566946165746895,0.1663807856543726,-0.015585202353439118,thrane,ST_v1,spatial,matched_hop2
ENSG00000182492,pca_ridge,0.7659583712567481,0.7415452701113019,0.2461415634244518,0.02441310114544626,thrane,ST_v1,spatial,matched_hop2
ENSG00000182492,spatial_knn,-0.05859457158183695,-0.08251779393260457,0.2461415634244518,0.023923222350767617,thrane,ST_v1,spatial,matched_hop2
ENSG00000185664,mean,0.0,0.0,0.2274301683596527,0.0,thrane,ST_v1,spatial,matched_hop2
ENSG00000185664,pca_ridge,0.9176597302197889,0.9074183678736712,0.2274301683596527,0.01024136234611761,thrane,ST_v1,spatial,matched_hop2
ENSG00000185664,spatial_knn,-0.1778242418261855,0.006464265002710461,0.2274301683596527,-0.18428850682889597,thrane,ST_v1,spatial,matched_hop2
ENSG00000196092,mean,0.0,0.0,0.1877689474640897,0.0,thrane,ST_v1,spatial,matched_hop2
ENSG00000196092,pca_ridge,0.544594867043159,0.5290059523799118,0.1877689474640897,0.015588914663247189,thrane,ST_v1,spatial,matched_hop2
ENSG00000196092,spatial_knn,0.027666195863397858,0.05142650377091702,0.1877689474640897,-0.023760307907519165,thrane,ST_v1,spatial,matched_hop2
ENSG00000204287,pca_ridge,0.735097680503238,0.7416912537349243,0.1991559324888003,-0.0065935732316863005,thrane,ST_v1,spatial,matched_hop2
ENSG00000204287,spatial_knn,0.03283803967152601,0.01461850129397955,0.1991559324888003,0.01821953837754646,thrane,ST_v1,spatial,matched_hop2
ENSG00000204382,pca_ridge,0.7171279059273556,0.7281533785635746,0.2299616170403105,-0.011025472636219003,thrane,ST_v1,spatial,matched_hop2
ENSG00000204382,spatial_knn,-0.07193241408903951,-0.04123962858487173,0.2299616170403105,-0.030692785504167784,thrane,ST_v1,spatial,matched_hop2
ENSG00000206503,mean,0.0,0.0,0.1519253375073515,0.0,thrane,ST_v1,spatial,matched_hop2
ENSG00000206503,pca_ridge,0.6977050768941968,0.6686527859711736,0.1519253375073515,0.029052290923023194,thrane,ST_v1,spatial,matched_hop2
ENSG00000206503,spatial_knn,0.02312450031689607,0.07793873589784026,0.1519253375073515,-0.054814235580944184,thrane,ST_v1,spatial,matched_hop2
ENSG00000227507,mean,0.0,0.0,0.1927751115198895,0.0,thrane,ST_v1,spatial,matched_hop2
ENSG00000227507,pca_ridge,0.743741949010065,0.7636205673799282,0.1927751115198895,-0.019878618369863266,thrane,ST_v1,spatial,matched_hop2
ENSG00000227507,spatial_knn,0.006659691638410381,0.08385622220205943,0.1927751115198895,-0.07719653056364906,thrane,ST_v1,spatial,matched_hop2
ENSG00000234745,mean,0.0,0.0,0.1887170127746887,0.0,thrane,ST_v1,spatial,matched_hop2
ENSG00000234745,pca_ridge,0.8002292617066082,0.8172144471516232,0.1887170127746887,-0.016985185445014928,thrane,ST_v1,spatial,matched_hop2
ENSG00000234745,spatial_knn,-0.061856147268204396,0.038359881086110735,0.1887170127746887,-0.10021602835431513,thrane,ST_v1,spatial,matched_hop2
ENSG00000245532,mean,0.0,0.0,0.2202819647367754,0.0,thrane,ST_v1,spatial,matched_hop2
ENSG00000245532,pca_ridge,0.7433942681599357,0.7570556152987189,0.2202819647367754,-0.013661347138783198,thrane,ST_v1,spatial,matched_hop2
ENSG00000245532,spatial_knn,-0.051434583652276725,0.04956981045567319,0.2202819647367754,-0.10100439410794992,thrane,ST_v1,spatial,matched_hop2
ENSG00000251562,mean,0.0,0.0,0.381169413856624,0.0,thrane,ST_v1,spatial,matched_hop2
ENSG00000251562,pca_ridge,0.6273872664301168,0.6656682241986278,0.381169413856624,-0.03828095776851104,thrane,ST_v1,spatial,matched_hop2
ENSG00000251562,spatial_knn,0.262934427132789,0.1386163768836438,0.381169413856624,0.12431805024914516,thrane,ST_v1,spatial,matched_hop2
ENSG00000254709,pca_ridge,0.6688792893319333,0.7115115557158405,0.308389461956402,-0.04263226638390716,thrane,ST_v1,spatial,matched_hop2
ENSG00000254709,spatial_knn,-0.0216734290226758,0.10130010266638623,0.308389461956402,-0.12297353168906203,thrane,ST_v1,spatial,matched_hop2
ENSG00000255823,mean,0.0,0.0,0.1570465029279974,0.0,thrane,ST_v1,spatial,matched_hop2
ENSG00000255823,pca_ridge,0.6006277063052907,0.6077663082795164,0.1570465029279974,-0.007138601974225667,thrane,ST_v1,spatial,matched_hop2
ENSG00000255823,spatial_knn,0.04701459350703293,0.05148162703095084,0.1570465029279974,-0.004467033523917911,thrane,ST_v1,spatial,matched_hop2
ENSG00000261857,mean,0.0,0.0,0.2280162853404668,0.0,thrane,ST_v1,spatial,matched_hop2
ENSG00000261857,pca_ridge,0.8173640324697233,0.8171393888964522,0.2280162853404668,0.0002246435732711216,thrane,ST_v1,spatial,matched_hop2
ENSG00000261857,spatial_knn,-0.01950239562596906,-0.06745197918961524,0.2280162853404668,0.047949583563646175,thrane,ST_v1,spatial,matched_hop2
ENSG00000281383,mean,0.0,0.0,0.5566332992913675,0.0,thrane,ST_v1,spatial,matched_hop2
ENSG00000281383,pca_ridge,0.7250289955027693,0.7588977924671466,0.5566332992913675,-0.03386879696437728,thrane,ST_v1,spatial,matched_hop2
ENSG00000281383,spatial_knn,0.21497963767700026,-0.021704309068751648,0.5566332992913675,0.2366839467457519,thrane,ST_v1,spatial,matched_hop2
AC087379.2,pca_ridge,0.4450825263011244,0.1858902260995489,0.4555690499620483,0.25919230020157547,visium_breast,Visium_breast,spatial,matched_hop5
AC087379.2,spatial_knn,0.6072387773561259,-0.0633117938086984,0.4555690499620483,0.6705505711648243,visium_breast,Visium_breast,spatial,matched_hop5
AEBP1,pca_ridge,0.6932766170843566,0.7068177841188812,0.4539519522059184,-0.01354116703452457,visium_breast,Visium_breast,spatial,matched_hop5
AEBP1,spatial_knn,0.5449382940908403,0.2599401293482927,0.4539519522059184,0.2849981647425476,visium_breast,Visium_breast,spatial,matched_hop5
AGR2,pca_ridge,0.6232135308761366,0.3347550231181161,0.5036766091985188,0.2884585077580205,visium_breast,Visium_breast,spatial,matched_hop5
AGR2,spatial_knn,0.63285004719141,-0.0023762944195758412,0.5036766091985188,0.6352263416109859,visium_breast,Visium_breast,spatial,matched_hop5
ALB,pca_ridge,0.32320539528119563,0.0670176859408641,0.6543490169794755,0.2561877093403315,visium_breast,Visium_breast,spatial,matched_hop5
ALB,spatial_knn,0.7528552683295926,0.11019858157425391,0.6543490169794755,0.6426566867553387,visium_breast,Visium_breast,spatial,matched_hop5
APOC1,mean,0.0,0.0,0.516314968503002,0.0,visium_breast,Visium_breast,spatial,matched_hop5
APOC1,pca_ridge,0.6645169070306006,0.7038755661778853,0.516314968503002,-0.03935865914728465,visium_breast,Visium_breast,spatial,matched_hop5
APOC1,spatial_knn,0.5957159843673949,0.3835128718204268,0.516314968503002,0.2122031125469681,visium_breast,Visium_breast,spatial,matched_hop5
APOE,mean,0.0,0.0,0.62901672821594,0.0,visium_breast,Visium_breast,spatial,matched_hop5
APOE,pca_ridge,0.8014602091207846,0.8485112501279538,0.62901672821594,-0.04705104100716917,visium_breast,Visium_breast,spatial,matched_hop5
APOE,spatial_knn,0.6586111368431246,0.3904951266359434,0.62901672821594,0.2681160102071812,visium_breast,Visium_breast,spatial,matched_hop5
C1QA,pca_ridge,0.7289200490420986,0.7950851963964481,0.477437483982121,-0.06616514735434953,visium_breast,Visium_breast,spatial,matched_hop5
C1QA,spatial_knn,0.6036451939511692,0.3302114456223564,0.477437483982121,0.27343374832881284,visium_breast,Visium_breast,spatial,matched_hop5
C3,mean,0.0,0.0,0.5485690151679976,0.0,visium_breast,Visium_breast,spatial,matched_hop5
C3,pca_ridge,0.7202082283999858,0.749592605557161,0.5485690151679976,-0.029384377157175234,visium_breast,Visium_breast,spatial,matched_hop5
C3,spatial_knn,0.6362601927775102,0.034909496640819285,0.5485690151679976,0.6013506961366909,visium_breast,Visium_breast,spatial,matched_hop5
C6orf141,mean,0.0,0.0,0.5019409588051271,0.0,visium_breast,Visium_breast,spatial,matched_hop5
C6orf141,pca_ridge,0.5872552717103757,0.24409981107614281,0.5019409588051271,0.3431554606342329,visium_breast,Visium_breast,spatial,matched_hop5
C6orf141,spatial_knn,0.6622678870961003,0.15708377380028757,0.5019409588051271,0.5051841132958127,visium_breast,Visium_breast,spatial,matched_hop5
CALML5,mean,0.0,0.0,0.6162913057675294,0.0,visium_breast,Visium_breast,spatial,matched_hop5
CALML5,pca_ridge,0.5618760206605581,0.29800387223527497,0.6162913057675294,0.2638721484252831,visium_breast,Visium_breast,spatial,matched_hop5
CALML5,spatial_knn,0.7212576594943401,0.5587779608518394,0.6162913057675294,0.16247969864250067,visium_breast,Visium_breast,spatial,matched_hop5
CCL19,pca_ridge,0.5345722981943778,0.4685693076182319,0.4401280719956717,0.06600299057614589,visium_breast,Visium_breast,spatial,matched_hop5
CCL19,spatial_knn,0.5684149277914774,0.14938589120359275,0.4401280719956717,0.41902903658788465,visium_breast,Visium_breast,spatial,matched_hop5
CD74,mean,0.0,0.0,0.6959789498722044,0.0,visium_breast,Visium_breast,spatial,matched_hop5
CD74,pca_ridge,0.7972869266304901,0.7914925553474836,0.6959789498722044,0.0057943712830064165,visium_breast,Visium_breast,spatial,matched_hop5
CD74,spatial_knn,0.7752267941886876,0.4368081681010403,0.6959789498722044,0.3384186260876473,visium_breast,Visium_breast,spatial,matched_hop5
CFB,pca_ridge,0.4148317472306332,0.06518996990296388,0.4431047722644127,0.3496417773276693,visium_breast,Visium_breast,spatial,matched_hop5
CFB,spatial_knn,0.567169085908019,0.36619157388106227,0.4431047722644127,0.20097751202695668,visium_breast,Visium_breast,spatial,matched_hop5
COL1A1,mean,0.0,0.0,0.4492365625717062,0.0,visium_breast,Visium_breast,spatial,matched_hop5
COL1A1,pca_ridge,0.6820067787591316,0.6911179617745419,0.4492365625717062,-0.009111183015410251,visium_breast,Visium_breast,spatial,matched_hop5
COL1A1,spatial_knn,0.558879421256925,-0.025174240582379437,0.4492365625717062,0.5840536618393044,visium_breast,Visium_breast,spatial,matched_hop5
COL1A2,pca_ridge,0.6849232070923092,0.7128632817740651,0.4500815020043625,-0.027940074681755855,visium_breast,Visium_breast,spatial,matched_hop5
COL1A2,spatial_knn,0.541962322582679,0.11793169867270596,0.4500815020043625,0.424030623909973,visium_breast,Visium_breast,spatial,matched_hop5
CPB1,mean,0.0,0.0,0.7355819103882494,0.0,visium_breast,Visium_breast,spatial,matched_hop5
CPB1,pca_ridge,0.5263511016272331,0.09925829206744081,0.7355819103882494,0.4270928095597923,visium_breast,Visium_breast,spatial,matched_hop5
CPB1,spatial_knn,0.7890852489232871,0.32338558421348707,0.7355819103882494,0.46569966470980007,visium_breast,Visium_breast,spatial,matched_hop5
CRISP3,mean,0.0,0.0,0.7477441432671186,0.0,visium_breast,Visium_breast,spatial,matched_hop5
CRISP3,pca_ridge,0.7178667533212693,0.26871259733216,0.7477441432671186,0.44915415598910924,visium_breast,Visium_breast,spatial,matched_hop5
CRISP3,spatial_knn,0.8466710634950567,0.25387146113963444,0.7477441432671186,0.5927996023554223,visium_breast,Visium_breast,spatial,matched_hop5
CTSD,mean,0.0,0.0,0.4844236866770017,0.0,visium_breast,Visium_breast,spatial,matched_hop5
CTSD,pca_ridge,0.6589088360205722,0.7606618564859386,0.4844236866770017,-0.1017530204653665,visium_breast,Visium_breast,spatial,matched_hop5
CTSD,spatial_knn,0.5413532280404313,0.32723033903677073,0.4844236866770017,0.21412288900366055,visium_breast,Visium_breast,spatial,matched_hop5
CXCL14,mean,0.0,0.0,0.6442932301912769,0.0,visium_breast,Visium_breast,spatial,matched_hop5
CXCL14,pca_ridge,0.6825337710324006,0.17589735412806556,0.6442932301912769,0.5066364169043351,visium_breast,Visium_breast,spatial,matched_hop5
CXCL14,spatial_knn,0.7734598104922964,-0.035251407799648485,0.6442932301912769,0.8087112182919449,visium_breast,Visium_breast,spatial,matched_hop5
DEGS1,mean,0.0,0.0,0.4577540207857615,0.0,visium_breast,Visium_breast,spatial,matched_hop5
DEGS1,pca_ridge,0.5448446541362396,0.13657414933088902,0.4577540207857615,0.4082705048053506,visium_breast,Visium_breast,spatial,matched_hop5
DEGS1,spatial_knn,0.6189794669852642,0.14334149648993022,0.4577540207857615,0.47563797049533396,visium_breast,Visium_breast,spatial,matched_hop5
GFRA1,mean,0.0,0.0,0.4495045314747756,0.0,visium_breast,Visium_breast,spatial,matched_hop5
GFRA1,pca_ridge,0.5621239816754581,0.26761432467852553,0.4495045314747756,0.29450965699693255,visium_breast,Visium_breast,spatial,matched_hop5
GFRA1,spatial_knn,0.6219021158732861,-0.1398075047038454,0.4495045314747756,0.7617096205771315,visium_breast,Visium_breast,spatial,matched_hop5
HEBP1,mean,0.0,0.0,0.4843647736485765,0.0,visium_breast,Visium_breast,spatial,matched_hop5
HEBP1,pca_ridge,0.5705835070271987,0.457847979278283,0.4843647736485765,0.11273552774891571,visium_breast,Visium_breast,spatial,matched_hop5
HEBP1,spatial_knn,0.6237771997766127,0.02513721304334355,0.4843647736485765,0.5986399867332691,visium_breast,Visium_breast,spatial,matched_hop5
HLA-B,mean,0.0,0.0,0.6864679455504988,0.0,visium_breast,Visium_breast,spatial,matched_hop5
HLA-B,pca_ridge,0.7003398125234741,0.5092591721170078,0.6864679455504988,0.19108064040646633,visium_breast,Visium_breast,spatial,matched_hop5
HLA-B,spatial_knn,0.7910148976195994,0.15407584389551435,0.6864679455504988,0.6369390537240851,visium_breast,Visium_breast,spatial,matched_hop5
HLA-DRA,mean,0.0,0.0,0.611650795935487,0.0,visium_breast,Visium_breast,spatial,matched_hop5
HLA-DRA,pca_ridge,0.757524335000402,0.7076900435905078,0.611650795935487,0.04983429140989415,visium_breast,Visium_breast,spatial,matched_hop5
HLA-DRA,spatial_knn,0.7096780090198059,0.41986388850287815,0.611650795935487,0.2898141205169278,visium_breast,Visium_breast,spatial,matched_hop5
HLA-DRB1,mean,0.0,0.0,0.4825429489029862,0.0,visium_breast,Visium_breast,spatial,matched_hop5
HLA-DRB1,pca_ridge,0.6673617640078603,0.6683891516266518,0.4825429489029862,-0.0010273876187915087,visium_breast,Visium_breast,spatial,matched_hop5
HLA-DRB1,spatial_knn,0.608583330449136,0.2645335972916742,0.4825429489029862,0.34404973315746185,visium_breast,Visium_breast,spatial,matched_hop5
HLA-E,mean,0.0,0.0,0.448143763662151,0.0,visium_breast,Visium_breast,spatial,matched_hop5
HLA-E,pca_ridge,0.628937587786034,0.6580989829674471,0.448143763662151,-0.02916139518141303,visium_breast,Visium_breast,spatial,matched_hop5
HLA-E,spatial_knn,0.5916510709486559,0.1634400759936095,0.448143763662151,0.4282109949550464,visium_breast,Visium_breast,spatial,matched_hop5
IGHA1,mean,0.0,0.0,0.4651299344336687,0.0,visium_breast,Visium_breast,spatial,matched_hop5
IGHA1,pca_ridge,0.45042802801310533,0.32330559349842786,0.4651299344336687,0.12712243451467747,visium_breast,Visium_breast,spatial,matched_hop5
IGHA1,spatial_knn,0.56372116015385,0.0007505617543136278,0.4651299344336687,0.5629705983995363,visium_breast,Visium_breast,spatial,matched_hop5
IGHG1,mean,0.0,0.0,0.6420791728329088,0.0,visium_breast,Visium_breast,spatial,matched_hop5
IGHG1,pca_ridge,0.674295130715435,0.5739277971001945,0.6420791728329088,0.10036733361524053,visium_breast,Visium_breast,spatial,matched_hop5
IGHG1,spatial_knn,0.6913215742885421,0.07550269498640656,0.6420791728329088,0.6158188793021355,visium_breast,Visium_breast,spatial,matched_hop5
IGHG2,mean,0.0,0.0,0.4394457238209227,0.0,visium_breast,Visium_breast,spatial,matched_hop5
IGHG2,pca_ridge,0.4119379142105952,0.3007904285811902,0.4394457238209227,0.11114748562940502,visium_breast,Visium_breast,spatial,matched_hop5
IGHG2,spatial_knn,0.4705559518976944,-0.0026313531763217184,0.4394457238209227,0.47318730507401613,visium_breast,Visium_breast,spatial,matched_hop5
IGHG3,mean,0.0,0.0,0.7007369092296671,0.0,visium_breast,Visium_breast,spatial,matched_hop5
IGHG3,pca_ridge,0.6537456847639531,0.627722227210752,0.7007369092296671,0.026023457553201124,visium_breast,Visium_breast,spatial,matched_hop5
IGHG3,spatial_knn,0.7425693942724733,-0.06923841314326669,0.7007369092296671,0.81180780741574,visium_breast,Visium_breast,spatial,matched_hop5
IGHG4,pca_ridge,0.6612901193217912,0.5461572741846323,0.6508589760970735,0.11513284513715882,visium_breast,Visium_breast,spatial,matched_hop5
IGHG4,spatial_knn,0.6861023184385038,0.028155146366105544,0.6508589760970735,0.6579471720723983,visium_breast,Visium_breast,spatial,matched_hop5
IGHM,mean,0.0,0.0,0.4843348791308078,0.0,visium_breast,Visium_breast,spatial,matched_hop5
IGHM,pca_ridge,0.5052320417816839,0.31783009473364665,0.4843348791308078,0.18740194704803725,visium_breast,Visium_breast,spatial,matched_hop5
IGHM,spatial_knn,0.5927288674178584,0.006890539026026862,0.4843348791308078,0.5858383283918315,visium_breast,Visium_breast,spatial,matched_hop5
IGKC,pca_ridge,0.6910530898429716,0.607075138400399,0.6810551202916674,0.0839779514425727,visium_breast,Visium_breast,spatial,matched_hop5
IGKC,spatial_knn,0.7301973712365728,-0.10409364862699297,0.6810551202916674,0.8342910198635658,visium_breast,Visium_breast,spatial,matched_hop5
IGLC1,pca_ridge,0.48061943936487295,0.31116925866317435,0.5304082022020958,0.1694501807016986,visium_breast,Visium_breast,spatial,matched_hop5
IGLC1,spatial_knn,0.5186028290914716,0.1231639841865321,0.5304082022020958,0.3954388449049395,visium_breast,Visium_breast,spatial,matched_hop5
IGLC2,pca_ridge,0.6577287674036721,0.5507309519132082,0.6944505320806662,0.10699781549046394,visium_breast,Visium_breast,spatial,matched_hop5
IGLC2,spatial_knn,0.7240534843876528,0.035256109468220075,0.6944505320806662,0.6887973749194327,visium_breast,Visium_breast,spatial,matched_hop5
IGLC3,mean,0.0,0.0,0.5352777592094446,0.0,visium_breast,Visium_breast,spatial,matched_hop5
IGLC3,pca_ridge,0.5023038751613952,0.3660716483850332,0.5352777592094446,0.136232226776362,visium_breast,Visium_breast,spatial,matched_hop5
IGLC3,spatial_knn,0.5992257645963466,-0.07417760186151867,0.5352777592094446,0.6734033664578652,visium_breast,Visium_breast,spatial,matched_hop5
LINC00052,mean,0.0,0.0,0.5043882226433252,0.0,visium_breast,Visium_breast,spatial,matched_hop5
LINC00052,pca_ridge,0.38840146827981287,0.15030676109488786,0.5043882226433252,0.238094707184925,visium_breast,Visium_breast,spatial,matched_hop5
LINC00052,spatial_knn,0.6862706160993174,0.23561400998447724,0.5043882226433252,0.45065660611484015,visium_breast,Visium_breast,spatial,matched_hop5
LINC00645,mean,0.0,0.0,0.5882440513570284,0.0,visium_breast,Visium_breast,spatial,matched_hop5
LINC00645,pca_ridge,0.4364579915427962,0.17739737055144064,0.5882440513570284,0.2590606209913555,visium_breast,Visium_breast,spatial,matched_hop5
LINC00645,spatial_knn,0.6852021201335974,0.08991474888799378,0.5882440513570284,0.5952873712456036,visium_breast,Visium_breast,spatial,matched_hop5
LYZ,mean,0.0,0.0,0.4939285265189694,0.0,visium_breast,Visium_breast,spatial,matched_hop5
LYZ,pca_ridge,0.675997701623194,0.7266846157355495,0.4939285265189694,-0.0506869141123556,visium_breast,Visium_breast,spatial,matched_hop5
LYZ,spatial_knn,0.6130550099498919,0.2372994815466097,0.4939285265189694,0.3757555284032822,visium_breast,Visium_breast,spatial,matched_hop5
MALAT1,mean,0.0,0.0,0.6694719897041401,0.0,visium_breast,Visium_breast,spatial,matched_hop5
MALAT1,pca_ridge,0.6968361239613458,0.6192313712933055,0.6694719897041401,0.07760475266804023,visium_breast,Visium_breast,spatial,matched_hop5
MALAT1,spatial_knn,0.5894534823846639,0.053422606336636445,0.6694719897041401,0.5360308760480275,visium_breast,Visium_breast,spatial,matched_hop5
MT-ND2,mean,0.0,0.0,0.6198102516643725,0.0,visium_breast,Visium_breast,spatial,matched_hop5
MT-ND2,pca_ridge,0.5727313356133271,0.4842093738221071,0.6198102516643725,0.08852196179122002,visium_breast,Visium_breast,spatial,matched_hop5
MT-ND2,spatial_knn,0.5710197326810881,0.12236670022076945,0.6198102516643725,0.4486530324603186,visium_breast,Visium_breast,spatial,matched_hop5
S100G,mean,0.0,0.0,0.6111318841187461,0.0,visium_breast,Visium_breast,spatial,matched_hop5
S100G,pca_ridge,0.6034615639538491,0.36233711872018537,0.6111318841187461,0.24112444523366372,visium_breast,Visium_breast,spatial,matched_hop5
S100G,spatial_knn,0.7259854260844407,0.08216369079545646,0.6111318841187461,0.6438217352889842,visium_breast,Visium_breast,spatial,matched_hop5
SCGB1D2,pca_ridge,0.5302585866914109,0.283812603464379,0.5087223676837738,0.24644598322703193,visium_breast,Visium_breast,spatial,matched_hop5
SCGB1D2,spatial_knn,0.6099811424502933,-0.14248872770067386,0.5087223676837738,0.7524698701509672,visium_breast,Visium_breast,spatial,matched_hop5
SCGB2A2,pca_ridge,0.5473494007162671,0.29162684200542854,0.5142334655862839,0.2557225587108386,visium_breast,Visium_breast,spatial,matched_hop5
SCGB2A2,spatial_knn,0.6408752539907072,-0.0999907495529091,0.5142334655862839,0.7408660035436163,visium_breast,Visium_breast,spatial,matched_hop5
SERPINA3,mean,0.0,0.0,0.5066391761554164,0.0,visium_breast,Visium_breast,spatial,matched_hop5
SERPINA3,pca_ridge,0.4288864006593293,0.1029425614864197,0.5066391761554164,0.3259438391729096,visium_breast,Visium_breast,spatial,matched_hop5
SERPINA3,spatial_knn,0.6558476396548094,0.02887600917167026,0.5066391761554164,0.6269716304831392,visium_breast,Visium_breast,spatial,matched_hop5
SLITRK6,mean,0.0,0.0,0.639632485353359,0.0,visium_breast,Visium_breast,spatial,matched_hop5
SLITRK6,pca_ridge,0.6707040407104102,0.2280282747963228,0.639632485353359,0.4426757659140874,visium_breast,Visium_breast,spatial,matched_hop5
SLITRK6,spatial_knn,0.7752075282188734,0.2050863188013496,0.639632485353359,0.5701212094175239,visium_breast,Visium_breast,spatial,matched_hop5
SNCG,mean,0.0,0.0,0.4398981716783769,0.0,visium_breast,Visium_breast,spatial,matched_hop5
SNCG,pca_ridge,0.5135270517619693,0.266313173171787,0.4398981716783769,0.24721387859018235,visium_breast,Visium_breast,spatial,matched_hop5
SNCG,spatial_knn,0.5999648338524207,0.3628152870584457,0.4398981716783769,0.23714954679397504,visium_breast,Visium_breast,spatial,matched_hop5
TFF1,mean,0.0,0.0,0.5148934231231834,0.0,visium_breast,Visium_breast,spatial,matched_hop5
TFF1,pca_ridge,0.49943964358210524,0.42214143765468143,0.5148934231231834,0.07729820592742381,visium_breast,Visium_breast,spatial,matched_hop5
TFF1,spatial_knn,0.6362431459753856,0.1866022958248555,0.5148934231231834,0.44964085015053007,visium_breast,Visium_breast,spatial,matched_hop5
TFF3,mean,0.0,0.0,0.6477930411439736,0.0,visium_breast,Visium_breast,spatial,matched_hop5
TFF3,pca_ridge,0.6272086348923643,0.3921633526189766,0.6477930411439736,0.23504528227338772,visium_breast,Visium_breast,spatial,matched_hop5
TFF3,spatial_knn,0.7398353456433723,0.09736819594162016,0.6477930411439736,0.6424671497017521,visium_breast,Visium_breast,spatial,matched_hop5
TIMP1,mean,0.0,0.0,0.5214112897754634,0.0,visium_breast,Visium_breast,spatial,matched_hop5
TIMP1,pca_ridge,0.7049386864821091,0.7162586435443266,0.5214112897754634,-0.011319957062217445,visium_breast,Visium_breast,spatial,matched_hop5
TIMP1,spatial_knn,0.6357450916946894,0.02803015418620649,0.5214112897754634,0.6077149375084829,visium_breast,Visium_breast,spatial,matched_hop5
